uuid,New transcription,New Amount,New Intent,status
caa14278-fdfd-4263-b036-5d543081e5c8,سعدیہ اسلم,,unknown,done
d96ae45d-6175-4184-8011-8cc1d4877499,Send 2000 rupees to Pakistan Rubber and Tire Companies from Shafqat Tire and Rim account.,2000.0,send_money,done
7c68593a-81e1-470a-94c3-4089f1f7277d,میرا کرنٹ بیلنس کیا ہے ابھی?,,unknown,done
6bbb4f4a-b0e5-4b4a-88fc-39e57e17d961,What is my current balance?,,unknown,done
d1cd5264-071a-48f7-90de-9a1379854592,بنکنگ ایپ۔,,unknown,done
fc20ec12-53e2-499b-aefc-db3c47310057,چیک سٹیٹمنٹ,,download_statement,done
6384598b-fa93-467c-94ca-3701a7d4d8c7,Transfer to Mehak.,,send_money,done
5e4b4f9f-80e1-4a59-a4d8-a4963b3afeb1,Send 5 rupees to Muhammad Shafqat account.,5.0,send_money,done
23e29b76-ac6a-471b-82c8-75c7a14f5fb4,Please transfer 5000 rupees to Ali's account.,5000.0,send_money,done
33c916e9-5f8f-4dca-914a-7e7044a6598b,"Hello, funds transfer to Ammar Abdullah.",,send_money,done
63a4384e-63c7-40b0-848e-7ab5e0f63a21,"Hello, pay 18800 to Bilal Ahmed, Bank Islami.",18800.0,send_money,done
d4b48e48-040a-4349-b586-883f5c405fe3,زبیر خان سکریپ ڈیلر.,,unknown,done
4804b172-892b-4523-9d9d-191eeb372301,Hussain Ali,,unknown,done
f1f551f9-afed-41aa-8e99-755dddaa80ef,Please transfer 5000 rupees to Ali's account.,5000.0,send_money,done
b7f68da6-da8e-4f4d-95ab-87553a310881,I just want to change the interface of this app.,,unknown,done
8ac6cb17-1b53-4871-beaa-1ef6be149ad2,"Hey, I just want to change the interface.",,unknown,done
54e8fb1f-3910-4bb9-bafd-8a967f26b470,UBL face lock option.,,unknown,done
3512ca2a-bcb5-4ebc-b54b-b24ad0a414a8,Transfer تین لاکھ بیس ہزار روپے to حافظ ثاقب جہانگیر.,320000.0,send_money,done
5683a6bc-850a-49f9-b3b5-5b988f55e0e6,ایک روپیہ ابیدو محمد ریحان کے نام پہ.,1.0,send_money,done
aea39f6a-1bb1-41a2-affe-b36e97690c57,"Please send 10,000 rupees to Hina Taimoor.",10000.0,send_money,done
7fc461d7-f544-41bb-8818-baaa964607d0,ایک روپیہ بھی دو محمد ریحان ایچ بی ایل.,1.0,send_money,done
f880378e-28e5-4f48-a23c-7f1a634185cc,"Hello, what is my current amount?",,unknown,done
767f57d2-40de-47dd-b207-d7ff8259e22d,ایک روپیہ بھی دو محمد ریحان کے نام پر۔,1.0,send_money,done
ee082190-03a9-4e1b-839d-ef0491720692,ایک روپیہ بھیج دو سارا امجد کے نام پہ۔,1.0,send_money,done
57e8dd05-bef5-4a2c-b500-784f1f3a599d,"Please send 10,000 rupees to Hina Taimoor.",10000.0,send_money,done
ed776fdb-80c5-496e-a517-cac99b1ffef4,Send thousand rupees to Saad Saleem UBL account.,1000.0,send_money,done
c44cea50-e954-4289-aeaf-6cbf4dc3e14b,ایک روپیہ بھی دو محمد ریحان کے نام پہ.,1.0,send_money,done
f0830b4b-cd43-4282-9abc-072891e726eb,Please transfer 5000 rupees to Ali's account.,5000.0,send_money,done
d694c05c-b2fa-472b-af33-3f571175a670,چیک اکاؤنٹ لیمٹ,,unknown,done
6761a3cf-e249-4522-a6b8-804fea315b2a,Send money Muhammad Rehan.,,send_money,done
b2afebda-7b2f-4dc7-b409-955ece4481f6,Neli verin içeriye.,,unknown,done
96ded620-bca7-4044-89fc-1d44f1a2d5e3,Transaction history.,,download_statement,done
e6be06c3-807c-4a6b-86b0-31486c609d6f,Show transaction history.,,download_statement,done
6918eaee-2ba6-4ebd-b368-8d06f36d70d4,اوپن میں ٹرانزیکشن ہسٹری.,,download_statement,done
386affe0-73ae-4576-8aca-fdeffcb5772d,Show my balance.,,unknown,done
06571b57-4adb-4e87-87b0-d1b5326a5a22,Transfer to other account.,,send_money,done
6344e040-cba7-4a84-ac5a-4be42ebc8009,Please send money to Razza Ali EasyPaisa account.,,send_money,done
a648a1a9-9b4b-45ef-b8f3-48fa98e9fb12,Pay 500 rupees to Faryas.,500.0,send_money,done
ca877f0a-21dd-4d07-85f3-d3e1c939dd01,Please transfer 5000 rupees to Ali's account.,5000.0,send_money,done
1fd7722c-61bf-4246-b8fa-91245c7cff90,,,,done
16c90ee4-6aed-41f2-98a3-5b4d94a40c27,I have done transaction of one lakh rupees right now. Can you please share screenshot?,100000.0,unknown,done
ba0b44f1-e96f-46c2-b555-d40e674564c5,میں نے ابھی جو ایک ٹرانزیکشن کی ہے اس کا مجھے اسکرین شاٹ چاہیے۔,,download_statement,done
fc138f0d-f2e8-4007-bb2e-a043daeb70c6,International transfer.,,send_money,done
27954498-ba01-4e0a-97a0-a79c2c039f7a,Transfer 2000 to Mr. Azhar.,2000.0,send_money,done
55177f5a-3e77-4511-8595-a177e551f0ec,ظفراللہ کو پانچ لاکھ بھیجو.,500000.0,send_money,done
5eb37d35-4c49-482c-899b-946ec538190d,Open to UBL F,,unknown,done
ac4d81a6-e3ed-4909-a840-07c867b902da,How are you,,unknown,done
7126f26c-f1c3-4a40-af51-ffbff71566d9,Send 2000 from my business account to Noman Afzal.,2000.0,send_money,done
8027d3f2-35c9-48cf-92e5-772233fe48f3,Send 2000 from my other account to Noman Afzal.,2000.0,send_money,done
4dcfcd49-594e-4259-883d-16f24c3c647b,"Send 14,210 from Saicommerce to Noman Afzal.",14210.0,send_money,done
7c6f75b4-5eae-495e-8889-51e35e1155af,"Send 14,210 rupees to Noman Afzal from Sycombers account.",14210.0,send_money,done
77917009-74b4-47b0-b52e-9dc1fe5d6afa,"Send 14,210 rupees to Cycomverse.",14210.0,send_money,done
e439c531-5081-4219-a97b-27df4d38d2b1,"From account Saqib Wars, send 14,210 rupees to Noman Afzal.",14210.0,send_money,done
08c91834-60cc-4937-a678-3b96ddc1fc2c,Send 14210 rupees to Noman Afzal.,14210.0,send_money,done
cae16bff-57fa-45c6-9aa1-f2c5cce9eb44,Send 23000 to Salma Baig.,23000.0,send_money,done
bec36ce2-31b0-48fd-9b8f-6f264ec983e5,Send 23000 to Saicommerce.,23000.0,send_money,done
dcc78393-8dc8-4e88-96a9-b75842ef15ec,Send 23436 to Saicommerce.,23436.0,send_money,done
944dffe6-8c3f-4bc9-944a-631755b0639a,Send 23436 to Saicommerz.,23436.0,send_money,done
e4de1773-8853-43e4-943e-b8d52a011a94,Send 500 to Salma Baig.,500.0,send_money,done
f654b155-7d9e-43ec-97a0-b9a3576a5e63,Show me the statement of November 2025.,,download_statement,done
e465e121-2581-4326-87c2-da0016dc8e52,Show me the statement for November 2025.,,download_statement,done
4d2b23eb-8cf0-4b83-ab11-9bf2037f436f,Rast ID,,unknown,done
fd3ae3e6-a949-4990-bea2-ee4e1f326b0c,Send 50000 to Farwa Kamber Raza.,50000.0,send_money,done
7dcdf4cd-6469-45b2-a3cc-b3ffd3b1dde6,ڈی لنک راست آئی ڈی,,unknown,done
3aafd03b-5ed4-4a9a-a028-b000a1604edb,Send 1 rupees to Farwa Qambar Dost.,1.0,send_money,done
0c895f09-aa80-4220-b370-9df7429daac7,Send 3 million from account number 3203201182 MCB Masroor.,3000000.0,send_money,done
c8a361db-0d7a-44db-adb8-0f286e742270,Send 30 lakhs to MCB Masroor.,3000000.0,send_money,done
f2681bc9-b532-4f81-8f9f-a398bff67a7e,Send money to Asim Ali.,,send_money,done
3dc9b378-ffe9-4f45-bfa3-614034a851b0,"Hey, tell me how can I get my banking statement?",,download_statement,done
337750d4-d3f9-445f-bcf7-9c103dffd6bf,شجاعت,,unknown,done
fe3a66ba-f371-4de9-a354-8195cb711eed,Airlink.,,topup,done
1cd27417-6fe2-477a-a323-2dfaf4db65df,پیر حویل خان ایٹی ٹو تھاؤزنڈ روپیز.,82000.0,send_money,done
f7644a8d-f8ed-4ec4-8b37-b6e1eeba542a,Send money Malik Mobile.,,send_money,done
66e7899b-6e82-4cbc-841e-f94698cbeda2,سی کوٹل.,,unknown,done
c09f91a3-dc84-4379-8ebd-63be96ff98a9,Pay Ravel Khan 82000 rupees.,82000.0,send_money,done
de787547-5baa-490e-8c98-6706a1fb5f87,بشیر احمد کو پانچ ہزار روپے بھیجیں۔,5000.0,send_money,done
de20deae-c4c5-4cf3-93bd-eb773d82d995,Please transfer 5000 rupees to Ali's account.,5000.0,send_money,done
dbe9007d-6184-4ca3-a0d6-31366f650b2d,پیر عویل خان بہس ہزار روپے.,22000.0,unknown,done
be45c2d1-b1a6-416d-b4e9-5675995c03f0,آئی ایمومیر لشاری لسٹنگ.,,unknown,done
99bd18c5-0379-47e8-b3ab-b60c12dcc4ad,Listing,,unknown,done
4b914d79-1c0f-4962-9f0a-f6446f59c894,پہ راویل خان بہس ہزار روپے.,6000.0,send_money,done
9f1e00ea-eebe-47ea-976d-d834c7ffd82f,Show me my bill of FESCO.,,pay_bill,done
fca2becd-e2e1-4853-8187-99b259bfa002,Send money to Noman.,,send_money,done
41b245f1-fb6d-411e-8a02-e983ca7cd40e,Transfer 500 rupees to this JazzCash account 03270372409.,500.0,send_money,done
5ccf962e-e50a-4ef4-8d5a-6099cd3f1f90,Transfer 500 to this JazzCash account.,500.0,send_money,done
79cf7ae7-2c85-45e1-8db4-f7075efa89f3,مہباز شہباز کو چھ ہزار بھیج دو.,6000.0,send_money,done
2540eaa7-0eae-4bf0-8f2e-abf593769157,اپنی اکاؤنٹ.,,unknown,done
8c68be32-a40a-437e-93a7-db4326fe125f,مہتاب شہباز کو چھ ہزار بھیج دو۔,6000.0,send_money,done
4e9628ba-fb98-4a88-9a98-9dc5a899edff,Malik Mobile send to 5000 rupees.,5000.0,send_money,done
687daff8-57d6-483c-b5f7-90c97d820b93,Send 10 rupees to Ruhul Hasan in EasyPaisa account.,10.0,send_money,done
0815abac-af28-4026-9caa-43805db5f248,Tell me about this UBL.,,unknown,done
1490c6e5-d296-4f8f-a68a-8eaf022ac62b,Send Sikandar Bashir 5 rupees only.,5.0,send_money,done
ab91a0aa-3f9b-406a-bc58-5035d5535183,حسنین.,,unknown,done
0445e5b6-9aa3-4217-a000-01cb4ff53996,حسنین کو پانچ ہزار روپے بھیج دیں۔,5000.0,send_money,done
9520e071-4001-4661-9248-040d2d0f4fc2,Hello,,unknown,done
7bb3dd08-09ff-426e-a764-6cedaff9848f,Send Sikandar Bashir 5 rupees only.,5.0,send_money,done
be5eeef5-e861-4798-b82c-0b302d5b882b,Send 200.,200.0,send_money,done
4a5b46e6-7969-4d72-be28-828f9c5fc7cf,Send money 5 lakh to Dost Muhammad UBL account.,500000.0,send_money,done
0893c4a3-92ab-4e2c-90c6-e608060a189d,Send 100 rupees Muhammad Sajid.,100.0,send_money,done
e833ea7e-cc1a-40e8-bd58-b905cc0baf2f,بھائی کیا حال ہے طبیعت سے ٹھیک ہے؟,,unknown,done
8cf03a6c-5220-4f73-9eb7-aace5a26a8c3,,,,done
4f9c4fa1-4d82-412c-9e67-fda7f0e1fe63,محمد ارشد سعید کو ایک لاکھ روپے بھیجنے ہیں۔,,,done
ea91175a-308b-49d0-a98f-e62aff780076,Please,,,done
b39c93db-c03e-4c8b-9fbb-4767d7a432be,پانچ ہزار روپے.,,,done
fcc9581a-cdb0-4f8c-b6a7-cf7f6c853e8d,Hello,,,done
c5510631-6bd9-48ea-9db4-02bb770a30a6,بشیر احمد کو پانچ ہزار روپے بھیجیں.,,,done
7b96ef79-f723-4774-89ad-a076368f5e06,How much is my balance? Show my balance.,,,done
7c691354-88ef-45eb-b2af-0d20f23aabbf,وہاج بشیر,,,done
2c6f78a6-a2d1-4bdd-99eb-8fac46a70818,"Hello AI, please send this payment to Abdur Rehman for MBL account.",,,done
e8482d92-49d1-4206-92fa-24b79f62d8fb,کار لون کے لیے کیسے اپلائی کریں?,,,done
e26b76dc-a87a-48b3-b741-1f644de7e8eb,I want to send money to Fresh and Chick Food.,,,done
a2ec1dc3-37bb-4cd4-ab1b-1047fda82bb0,Pay 2922 Zeeshan Ahmed.,,,done
02ad8518-1464-4eda-97b5-e55fd86dd81a,Can you send 1000 rupees to Sidra Batool from my pays?,,,done
72688cba-972b-4fde-afc7-f37d5c3cb4d7,Pay 2922 Zeeshan Haider.,,,done
0b664024-fd0c-4c25-bb9b-efebcee41c20,Can you please pay my electricity bill?,,,done
f9528eab-e263-49ed-9a7a-4f6b53fdbc85,I want to send money to SSPS.,,,done
b1d56ede-f87f-4fe2-bf87-f0ebdc9d22c2,Can you please,,,done
092400b5-190c-4a8f-8e7e-ae7e4829284a,میں فریش اینڈ چیک فوڈ کو پیسے بھیجنا چاہتا ہوں.,,,done
44522791-db08-4046-aea4-0d78fb987a31,I want to send money to Fresh and Chick Food.,,,done
0935b33b-5f2b-498d-8d12-6f0e6a4bd5b7,My balance.,,,done
e35131d6-eecd-4b4e-82f4-89434799ada4,Show my balance.,,,done
5f34d9d3-eedd-4939-9f3c-1337e87bc77e,Send one rupees to Faizan Ali Sada Pay account.,,,done
12812bd6-1d92-4811-852e-6bd877737760,کتابیں نہیں دیا.,,,done
d9def6ea-9a73-43e9-a27a-59eac6fbce12,Please transfer 5000 rupees to Ali's account.,,,done
f841f8b2-35c3-49f8-9c5d-c31c2646d5a7,عبدالوحید اکاؤنٹ.,,,done
f68745bd-bf90-4cbc-a458-05d0ff670c0c,Send 500 rupees to Tahmina Ijaz's SadaPay account.,,,done
ddb7e79c-7bd4-41a6-b32a-62b47a0801b0,Please transfer one lakh to Arif Ibtasam.,,,done
40cf5adc-c60b-4aef-b0f7-d3010f2211e5,Increase my payment limit.,,,done
1dc24938-e272-40b1-89ce-a675b67ca3f4,Limits,,,done
41ca237b-aa05-4b93-acb0-7d097ada07f7,UBL کار لون.,,,done
c9b88db0-9416-4999-ac24-37aedc8f4689,یہی مجھے میری ٹرانزیکشن بتاؤ۔,,,done
90f9d5b5-749c-4490-bf89-cb644575a37d,Send money to Zain Nayab.,,,done
81e64e84-3e23-42fb-856d-b095e82f31c4,What is my last transaction?,,,done
1ae3e5d0-8da7-4ab8-9db5-d3bc9984be91,Tell me my last two transactions.,,,done
2415bb69-dec0-41c7-a308-f05ee92c96c5,Send payment.,,,done
c954c1f5-2fef-4f19-b9f8-bd16af4d0d84,You can pay my credit card bill.,,,done
f136ec90-c975-4311-8eaf-108a339f4744,السلام علیکم باجی کیا حال ہے?,,,done
786efaa1-03f5-4680-89fe-de769959bb54,سنیل کمار چیک دس اکاؤنٹ.,,,done
9938e7b9-9d4a-4b5a-bf2a-e34a8ffc5865,سوریہ اسلام دین.,,,done
a5e5df93-0ee2-4f57-8ca0-d35610d81077,میں نے ابھی جو پیمنٹ ٹرانسفر کی ہے اس کا اسکرین شاٹ چاہیے۔,,,done
33a494b0-72f1-4df8-8ff7-b73be62e7d3b,میں نے آخری بار ابھی یہ جو ٹرانزیکشن کی ہے جو پیسے بھیجے ہیں اس کا اسکرین شاٹ چاہیے.,,,done
dc14a988-6703-4600-8675-9801f57a429f,I want to send mobile top-up to Shoaib.,,,done
ac824df9-82e2-4d1a-afea-2aedf73c471d,Haan.,,,done
f2fdf267-bae7-47ae-952e-2e7309b31e64,Please transfer 5000 rupees to Ali's account.,,,done
acc2471d-77df-4143-b323-b9dcaa231cc7,"Hello, I want to send some money mobile top-up to Shoaib.",,,done
6771b422-dbc8-4e5b-8a2e-d8550193d4f4,Please transfer 5000 rupees to Ali's account.,,,done
511bcabc-3b46-42bd-b80a-dba0007b4571,"Hello, I want to send some money to Shoaib on mobile top-up.",,,done
c0487ad6-7525-4f6a-9557-854a995eb5ef,دندار.,,,done
8a4dda4b-a254-45bf-88e0-a31b6d90d63a,Open Kainat Zafar account number.,,,done
7385d27a-548c-4dfc-a381-3da373ed8ebb,I need to make,,,done
35ed93a3-8835-4ad6-a714-c3e5b0c98e28,I need to make a transfer.,,send_money,done
1d2b9585-73e0-4de0-9a2f-df2596bf78d8,میرا سٹیٹمنٹ.,,download_statement,done
f603f75f-c53f-4bb8-b769-956dd67b6792,Transfer rupees 730 to Muhammad Awais Malik UBL Bank.,730.0,send_money,done
12139ef0-81d5-4dd6-a5ee-8140c64ff70e,Transfer all amount to Muhammad Ilyas Malik UBL.,,send_money,done
a20daa60-fad9-4b26-a6e3-e0232f4320b0,Jazz package.,,topup,done
1d14db63-3865-4104-8706-2142f1e91e72,QuickPay,,unknown,done
67d35ad8-ee96-488b-a57b-9c3ca0c68f45,Send money.,,send_money,done
15e09aa2-9b62-4449-b5cf-6455eefa3b49,Payment transfer,,send_money,done
c29074cf-6a73-4479-99a5-17c03745cf4a,Send 100 rupees to Muhammad Sajid.,100.0,send_money,done
b1a02ad6-b9dc-4af6-a43f-6541e38363ca,Open the dashboard.,,unknown,done
c495f85c-ccd1-4e3d-be57-8638e29853a7,Please transfer 5000 rupees to Ali's account.,5000.0,send_money,done
365301c5-b834-4556-b2b7-7f191375782c,Send one rupees to Mauzam Khan.,1.0,send_money,done
b82fae2c-ffd0-4b85-9629-cb23beb08e24,Please transfer 5000 rupees to Ali's account.,5000.0,send_money,done
c378fa18-2c14-418b-90bd-73b704254ea5,حسن کو پانچ ہزار روپے بھیج دیں۔,5000.0,send_money,done
eafb514b-8380-432d-9516-bcdf57443948,Send 50 rupees to Syed Muhammad Shehryar.,50.0,send_money,done
9aa8dbaa-ecfc-4304-8675-adbd78b1b189,بلال کو ایک روپیہ بھیج دو.,1.0,send_money,done
56d6a1a5-8147-4195-a72c-814081c63b6b,Send one rupees to Mauzam Khan.,1.0,send_money,done
daacb028-dfea-4aac-84c5-e40e7f0dd50d,Send one rupees to Awais Malik UBL.,1.0,send_money,done
e2b91a49-4b97-46a4-8467-141d941ebbdf,Transfer to Muhammad Ishaq account.,,send_money,done
879d4aa4-11a9-4c12-b924-3689eee70d27,ہیلو کیا حال چال ہیں؟,,unknown,done
6f32ffdd-4e96-454a-bc33-69d9748fcf3f,Send one rupees to Awais Malik.,1.0,send_money,done
84672cb8-d46f-4d26-8614-1939d1f3ecbc,اسحاق.,,unknown,done
811548d0-2863-49c9-b2a1-6896f5219045,سفیان,,unknown,done
111fde87-761f-4f82-8763-7e644973e4ba,,,,done
5212d153-f902-4c33-9171-f96b82669119,ممدلی کمالیا.,,unknown,done
1ef29776-c859-40d7-976a-668de67f4056,دس روپے محمد منیب اختر جیز کیش میں بھیج دو۔,10.0,send_money,done
50c0b41b-a939-44a5-b219-88a3cd6aa82f,Show my bank statement,,download_statement,done
68bb9f16-704e-43b6-87d8-2f28d7e8ff35,پانچ ہزار روپے.,5000.0,unknown,done
71511630-2dfb-42e2-a18e-59984d36b8ea,فاطمہ عمار,,unknown,done
954659db-137a-48e1-9f56-c4db6cb9f74e,فاطمہ عمار,,unknown,done
b080c6b8-41c2-4365-8495-18528dc025aa,شازیب,,unknown,done
ebab752b-06b5-42a7-9c67-b800da0fba0b,یہ علی.,,unknown,done
3b300f89-3b41-4621-8328-4931633e3150,Payment transfer.,,send_money,done
9e733822-e27a-4c22-b335-0f07731daa3b,شگفتہ سحر,,unknown,done
c7193314-e183-4aae-8964-64e9f3216f97,ابو ناصر,,unknown,done
27d23a1a-da7f-425a-bae3-42850151581d,شکیلہ بی بی کو ایک روپیہ بھی دو۔,1.0,send_money,done
b0410641-ad9d-4cc7-9d57-ab0266e9cc33,Open account statement,,download_statement,done
f9558647-fb22-4f4e-bdce-7141363830c3,Hello,,unknown,done
033f2d02-f243-43fc-81fe-eeff4afd0bf6,ساقب ہمائیوں سینڈ منی.,,send_money,done
f3fa5f8f-eb83-46ba-abd1-f6d50b34f870,ساڑھ کر بھیجنے پیس.,,send_money,done
36cdcc73-19b2-4a02-a446-24fab140290f,Saqib Humayun send money ten rupees.,10.0,send_money,done
83c6c547-74d2-464e-bcdb-a3820cbe882e,سو کوڈو مانی ٹرانسفر.,,send_money,done
e2ec961b-e6be-458b-ac3e-a15dc15d94f0,سب کو بھجو دیں دس روپے۔,10.0,send_money,done
e0896b59-e2a3-4bd3-be64-2038e25b8831,Send 50000 to Syed Ali Akmal UBL account.,50000.0,send_money,done
a1ced9c4-e0bd-4575-938d-7390924d26d3,Send fifty,50.0,send_money,done
8876c5a2-6f63-49f2-bdf4-76fe97207d58,Hassan Harat Butt send money 10 rupees.,10.0,send_money,done
d189dd5c-52a3-46ee-beea-6b776bb6af26,,,,done
28da8db6-60ae-4095-90a6-3b3605299511,Usman Khalid Butt friend ten rupees.,10.0,send_money,done
4e1c0226-c04e-40a7-aaed-2398375c3799,Active ATM card.,,unknown,done
fefee6a6-46a4-4782-b89b-363bc4731301,حسن بھٹ,,unknown,done
0627cf02-08d9-456c-8982-39ac83b17311,احمد سلیم کو نو لاکھ پچاس ہزار سینڈ کر دیں ایچ بی ایل میں۔,950000.0,send_money,done
487929cc-fe56-4c22-87f4-90aa1b3b8d2d,,,,done
c3dfa5f2-3318-4e88-94a5-2a0ce65c04f2,Can you please transfer 5000 to Syeda Rida Batool Kazmi?,5000,send_money,done
388a3ba3-b4ec-4663-a507-caacbad1a875,Please pay PTCL bill.,,pay_bill,done
edb172bb-25af-4d28-bf5d-9f139fc89268,,,,done
414b3172-3509-4755-bffc-e569615f882f,Transfer,,send_money,done
86f05e60-186b-48c0-9466-505c89389eeb,Bill payment,,pay_bill,done
4cc625e2-e761-465c-931a-18fb6b48fdbe,ٹرانسفر فنڈ.,,send_money,done
0cba2714-2a98-4507-95ea-1902c09234d8,Transfer fund.,,send_money,done
62d9202e-b109-4877-b7fe-0f3ac5af90dd,ٹرانسفر فنڈ,,send_money,done
0ddfb3ca-d2c2-40e6-81e0-2ac1aa07d4d9,,,,done
dace1827-9275-421d-b5b6-ed09ca1cd276,Send rupees 5 to Umair Nayaab account.,5,send_money,done
1995f0ae-e145-45ce-b71f-b4d23bf1e54c,حسنین کو پانچ ہزار روپے بھیج دیں۔,5000,send_money,done
22d6dec4-773e-4770-9a2c-734a33c4a70a,Send ten rupees to Muhammad Umair.,10,send_money,done
bbd5fba6-c61b-4421-a428-896830aad78b,کیا آپ چیک کر سکتے ہو کہ میرا کارڈ کام کر رہا ہے کہ نہیں کر رہا؟,,unknown,done
ec1c775c-a486-4a5a-aec6-0f19fab0448c,Can you check if my card is working or not?,,unknown,done
cef1baa3-11b4-4954-9328-01079d0d04da,Can you check if my card is working or not?,,unknown,done
99658462-dc95-4c72-bc45-28faee03a74b,Please transfer 5000 rupees to Ali's account.,5000,send_money,done
06cbed5e-999b-4264-84c5-a762eb89a652,Please send five thousand rupees to Ali.,5000,send_money,done
175b8184-7901-4211-8474-06924154fdc3,Mobile payment.,,topup,done
c6638df7-d8ef-42e6-a4ed-7a555e15d9f1,Send 100 rupees to Muhammad.,100,send_money,done
2e3e55f6-f3af-4cd7-b424-87e6e3194d6b,Send Rs 100 to Muhammad.,100,send_money,done
768cbe7d-9761-40ab-9a28-1428b992f7cc,"Hello. Hi, hello.",,unknown,done
34ac7344-985b-4a95-a960-4b0a58ba725f,بجلی کا بل ادا کریں.,,pay_bill,done
7c0e1d6f-68f1-4dbe-a7ce-fe2718a4b60c,"Hello, اسلام علیکم.",,unknown,done
7892e720-8aa0-462e-b6af-d83fd0931778,Send 40000 rupees to Zeeshan Haider.,40000,send_money,done
310f9679-b9bc-4ff1-996a-1d2629e75ce0,راج محمد کو دو سو روپے بھیجنے ہیں۔,200,send_money,done
dd692570-0f62-4d29-810c-e292552ad6a9,Send 200 to Raj Muhammad.,200,send_money,done
1168e42a-564a-481a-a668-a154e93bd4ec,Send 200 to Raj Muhammad.,200,send_money,done
0fbe0574-b06b-40b6-a654-a1c68487d30c,Send one lakh rupee to Ammar Hussain.,100000,send_money,done
61e258cb-6d2c-42dd-aa38-eff0e7118fc7,ہمارا سینکو روپے سینکو.,100,unknown,done
2673c196-8791-4d77-9f77-28cc85b85697,Send rupees to Ammar Hussain.,,send_money,done
e2268b18-fc3e-4724-86a1-c4980a614788,"Hello, how to transfer EasyPaisa?",,send_money,done
1d622c29-95f7-45b3-9535-5f8b355097a0,چالیس ہزار روپے شام کو ٹرانسفر کر دو۔,40000,send_money,done
6310da12-a2ab-47ce-9c57-34995c1f5dd3,Please transfer 5000 rupees to Ali's account.,5000,send_money,done
08fd21e0-6865-45d9-9985-ab13b29973f9,Send money,,send_money,done
65a11d58-6aed-4ab2-b5fc-9a09f31ed90b,Open account statement.,,download_statement,done
1d4dca53-c82e-4607-a36d-cadf84f6b8dd,Please transfer 5000 rupees to Ali's account.,5000,send_money,done
a481a755-fb3c-4cd1-a2ed-b66720098208,کیوار سکین کرنا ہے۔,,unknown,done
9a8a5d0e-8adf-4fa6-8cab-103e0fcaedd0,Send one rupee to Syed Aun Raza Rizvi.,1,send_money,done
10e60ddb-3764-4419-9fa9-03f700d2184a,جس سے مانگے وہ۔,,unknown,done
0299c853-c148-4057-bfcd-27f95f420dbe,یہ کس لیے بنایا گیا ہے مجھے سمجھ نہیں آرہی۔,,unknown,done
7158e91c-b7f1-4dfb-839c-edb981a79386,Please transfer 5000 rupees to Ali's account.,5000,send_money,done
da9158cd-9f22-4fbf-b6c9-79c6fc8b3737,بس نین,,unknown,done
d47ca222-59f5-4c61-81a0-01ff7014afcc,اسنین,,unknown,done
87f02d86-e24e-42a3-9b6b-d316fdd034ed,Send 2000 rupees to Rayaan Ahmed.,2000,send_money,done
37a18764-9c0d-429c-b50f-b977f4c45f2c,Send 2000 rupees to Rayaan Ahmed.,2000,send_money,done
ea6ef2e5-bf71-46d4-bf12-d193b94a3249,حسنین کو پانچ ہزار روپے بھیجیں۔,5000,send_money,done
a3bc20a6-4d37-41b2-8c31-a1a3f4d3ac3a,Go to bank transaction.,,download_statement,done
4809f328-f665-4e81-89a8-1a900406d465,Go to bank transaction.,,download_statement,done
e8fc227a-31c6-4521-9871-7a2665fb1ebf,Send to Muhammad Asif EasyPaisa.,,send_money,done
cbbe374c-301c-4367-abee-4b91677bad7b,Send 5000 to Muhammad Noman.,5000,send_money,done
ffd2a389-1aec-4f99-96ed-d5bfca1df68e,Please transfer 5000 rupees to Ali's account.,5000,send_money,done
5fe36dbe-0050-46fc-a30d-c9fb3738aed2,Send عدیل احمد 2880 روپے.,2880,send_money,done
c8434687-3035-438d-8b7b-6e9153f155a4,عدیل احمد کو اٹھائیس سو اسی روپے بھیج دو۔,2880,send_money,done
e676cf4a-ed29-40e6-ba12-58af18c51c55,One rupee sent to Syed Asnan Akbar EasyPaisa bank account.,1,send_money,done
b708a294-3957-4a62-b8c4-04a3d750cc09,One rupee sent to Syed Asnan Akbar.,1,send_money,done
603ef020-1109-4af1-93af-e42ebce0f201,Kindly transfer 8000 dirham to Mehar Printing Press.,8000,send_money,done
64aa3000-4502-4e21-8dfe-82656fcf69b2,پینتالیس سو دانیال کم کو سینڈ کرو.,4500,send_money,done
6fc58817-fd80-484d-b1d6-2bcd035da7a7,,,,done
7b86e897-20de-494b-b981-2e08e5940e3e,How to activate my new visa debit card?,,unknown,done
277273ad-af24-4e70-b74d-5b2d4741b1fa,میرا بینک اکاؤنٹ نمبر.,,unknown,done
f9985788-7a8e-40d7-9b3a-4f6b7e2d1693,Hey send 1 rupee to Muhammad Hamza NayaPay.,1,send_money,done
105ed215-6513-4470-bde7-2bcf1a35e04c,میری تین مہینے کی سٹیٹمنٹ فڑا فڑ سے ڈاؤنلوڈ کرکے میرے واٹس ایپ پر سینڈ کرو.,,download_statement,done
5d5610ec-b3e9-4769-96a8-217149e065f1,Uniform.,,unknown,done
20377875-b818-4820-ae20-64ab164c5fce,Transfer money to Iqbal.,,send_money,done
b0d607d7-6982-483e-aaef-bbb1a1291140,I want to transfer money.,,send_money,done
e0017f2c-a2a6-4df5-9871-76f894063816,Account available balance.,,unknown,done
bf055577-521d-43cd-8e4a-208d86201992,Complete account number with IBAN.,,unknown,done
4567e386-d0cb-48a0-b609-02bb2366af73,Complete account number.,,unknown,done
fff200b3-059b-450a-9331-a41230743fea,Hello,,unknown,done
8d4a4b79-620f-4ce6-a8a3-3abf766147d3,Account available balance.,,unknown,done
d1b12bc9-c280-4ed6-a91b-b7446cfb4a60,پشاور بھیج دیں.,,send_money,done
a8edfb3c-b2b0-4467-8e8b-4a1bc0eab8b1,اکاؤنٹ سٹیٹمنٹ,,download_statement,done
3c6091e3-f595-4ff3-8a3b-ba19e29db9ce,Account statement.,,download_statement,done
28635836-39b0-4cc3-bffb-02840651f8ad,سکرین شاٹ,,unknown,done
2a239e24-0cc9-44ca-86b1-6d5becd0fbd8,Send 220 rupees to Masood Ahmed.,220,send_money,done
0cd2e8e2-ed87-436a-ae51-39788bba3352,"Hey AI, can you send the amount 20,000 rupees?",20000,send_money,done
9c8e7324-1e2d-436d-a9e2-96d30ccdc902,Send money to Muhammad Khizar 8000 rupees.,8000,send_money,done
999a03c8-60e4-4ac8-94fb-4e28842739cc,Please transfer 5000 rupees to Ali's account.,5000,send_money,done
a54bdbb6-c21b-441a-9c42-674bc01ac7bf,Open new pay,,unknown,done
f6d276ab-e677-4c23-b4c0-84d4fe26f134,Send 15000 to Sheikh Muhammad Naeem Meezan Bank.,15000,send_money,done
5ebe3818-51ab-449e-8e3b-db526d651013,Drive zone UBL.,,unknown,done
72be3be8-65c6-40f9-a881-7fb7dd07507c,Pay to Abdullah.,,send_money,done
1c723871-f830-4c94-835e-6110cd2c564c,UBL کریڈٹ کارڈ.,,unknown,done
db95bea4-c51a-4f82-91c0-07d017ad7bcf,Pay my UBL credit card bill.,,pay_bill,done
4ed0d4cc-eeab-4ebb-88fe-43464e765794,Pay my UBL credit card bill.,,pay_bill,done
4b6748d1-1689-4bae-b590-45136cc691ec,بیس ہزار بھیج دیں۔,20000,send_money,done
a707b598-d1c0-47cb-a81e-d2c1e0495142,Transfer 15500 to Muhammad Bilal from Muhammad Rizwan.,15500,send_money,done
619015ce-3ffb-4c4d-8414-e8a77d543f8d,"Transfer Muhammad Bilal 15,500 from Muhammad Rizwan account.",15500,send_money,done
b8876e53-bf97-46bb-9470-26a6ded67d79,Transfer from Muhammad Rizwan account to Muhammad Bilal Bank Al Habib account 15500.,15500.0,send_money,done
182789d2-e71d-4d0a-97f5-51c7784c8223,"Transfer Muhammad Bilal 15,500.",15500,send_money,done
0e512050-890b-443c-949d-117dc0e400e4,محمد وقار کو بہتر ہزار روپے کر دو۔,8000,send_money,done
2c3bb02d-76a6-49bc-b385-b525418bad37,"محمد وقار کو 72,000 کر دو.",72000,send_money,done
14383197-1128-40ce-98e9-a7584148f290,Hello.,,unknown,done
2081441a-8c1a-4073-970c-34fb8ad39c96,JazzCash MobiCash,,unknown,done
d27884c2-ec99-4282-be64-0da97c18c72d,محمد عطا اللہ,,unknown,done
b90483a9-9184-408a-9089-1dd53ed89d68,یہ 1286 روپے کس چیز کے ہیں؟,1286,unknown,done
c13d23cb-0a59-4f94-83f9-3f15857b5834,پانچ ہزار روپے بھیج دیں.,5000,send_money,done
254185a3-7826-407f-9d4d-88e5c25a975f,بجلی کا بل ادا کریں.,,pay_bill,done
7f2337b0-a098-4694-91e4-65bd17fb9234,Please transfer 5000 rupees to Ali's account.,5000,send_money,done
ee56a5a8-f43d-4519-a29b-98be46f6ccb6,Send 1000 to Mehmooda Abbasi.,1000,send_money,done
af2eedc9-def6-49af-9f86-be2e1e447454,Please transfer 5000 rupees to Ali's account.,5000,send_money,done
6293e392-1c7f-4176-bb19-a7522777e0b2,Send 1000 to Mehmood Abbasi.,1000,send_money,done
3dc4f463-9c51-45ec-945b-4b4198449ce2,Hello send 1000 to Mehmood Abbasi.,1000,send_money,done
2d04a6b7-454a-404c-b9c0-d31e10490036,ساڑھے ہزار ٹرانسفر محمد وقاص.,1500,send_money,done
7aba9ef7-15c3-44a0-89ee-cbd34dbde202,Statement,,download_statement,done
bda77c3c-544b-415a-95fc-b6634b4154e7,Send money to Kamran Nisa.,,send_money,done
f58e2941-432f-4a4d-bb68-ef73ff5e40df,Send money to Kamran Nisa.,,send_money,done
95da304d-038f-46f3-8d47-7d2f33a80fc5,Send money to Muhammad Ibrahim.,,send_money,done
f97ef58d-0486-4c94-b88c-2bfd9cb53f8f,Utility bill paid.,,pay_bill,done
3b18dda3-e8cc-4bca-ab56-a69d864961b5,خلیل الرحمن اکاؤنٹ نہیں ہے۔,,unknown,done
8d9a2609-e5b3-4ea5-9c3b-772e734f8f75,یو بی ایل میں ٹیب کر سکتے ہیں?,,unknown,done
81b23a30-6831-439e-af8e-8c953fec2b56,Check my balance.,,unknown,done
c2c8f0f2-7aeb-406f-8066-ae7605e351d4,پانچ ہزار روپے.,5000,unknown,done
fd88d894-09e5-4c39-a13b-6eb68ca886fa,Please transfer 5000 rupees to Ali's account.,5000,send_money,done
d61f2529-2345-42fa-bc75-b517cc284bb1,Please send five thousand rupees to Ali.,5000,send_money,done
6741cd50-de02-4dd3-9885-0090f4a485ed,Pay 2550 to Ammama Sajjad.,2550,send_money,done
c3962146-5848-44d2-af1b-0f0e0a19d35f,I have to pay Shiraz Ahmed 2800.,2800,send_money,done
16fccd06-fae1-4a02-882b-f3047a45f4e2,"Hello, how can I use my TapPay on my iPhone?",,unknown,done
63cca316-d07e-471f-af25-308c012e7ac4,Payment transfer to محمدی صاحب.,,send_money,done
83b9461e-aff7-4bcb-9883-f5371708ea0a,محمد طلحہ ایزی پیسہ کو 50 روپیہ ٹرانسفر کرو.,50,send_money,done
99c2685f-e98d-4601-a160-da7cd66eb0e0,Payment transfer to Muhammad Ishaq.,,send_money,done
8d46290a-dbd5-4c2e-9f40-90ca24dfabe4,Payment transfer Muhammad Ishaq.,,send_money,done
26a1e3de-6d36-419f-ac70-ed48d83d0703,Hello,,unknown,done
489e5a5b-e11f-45e0-b306-dded6a43e073,ذیشان ٹریڈر.,,unknown,done
9ab0254f-8087-4995-924a-30e4671dc7be,Send 1 lakh to Ali Hassan Meezan Bank.,100000,send_money,done
33bb5922-7862-4020-88be-62f55cd2bca8,Send one lakh to Haliya Hassan Meezan.,100000,send_money,done
2f6d942f-5af3-4b07-b041-f50e7f6ec871,"Hello, how are you?",,unknown,done
5fe85910-be41-4101-9f3f-fc184569d23d,Send 28000 to Muhammad Anas.,28000,send_money,done
31a91f12-d659-48ab-9ac1-e0c0f71422e7,UBL show balance.,,unknown,done
b282b3f2-186a-4226-a96f-559b8a72c6a9,QuickPay,,unknown,done
9b5f61ad-1890-4c6e-8c24-2ac5a27e6dcc,QuickPay,,unknown,done
2eb06d59-aa32-431d-83c2-9b92c0d7d713,Ali Raza,,unknown,done
eb0df7cd-ec06-450d-b984-9945dca820b7,Please transfer 5000 rupees to Ali's account.,5000,send_money,done
c10e9fcf-1143-45d6-b753-75aa6bfd2a40,Please check my balance.,,unknown,done
aeedd936-f29c-437e-9fc8-f9379da6b5bf,میری ٹرانزیکشن کتنی ہوئی ہے اس مہینے میں؟,,download_statement,done
6d5bd956-19ff-4160-b1fb-eb8925dc62e1,Open اپی اکاؤنٹ علی حسن.,,unknown,done
9f0ea39c-19bb-4c31-a089-7d073346f92f,,,,done
e2d7729e-44f0-4a51-bf14-2557677f8820,Send 500 to Wasim.,500,send_money,done
3a86ebf2-cea4-4145-b58a-b2063654dc46,Cancel,,unknown,done
b8125a2c-dca8-405f-a61e-9ceb85eac579,Hello,,unknown,done
8469b6e4-951c-48b1-94ab-bb3280be5523,Hello,,unknown,done
c520b5da-fa14-44d3-b4cb-810776837975,UBL,,unknown,done
98a75024-1992-4a31-9498-94b47c618f76,Can you please open the history of my credits and debits?,,download_statement,done
f74cccde-e976-47d8-8980-99b608351f1f,Can you please open the history?,,download_statement,done
65583614-f796-4357-a75e-d95d3348bb67,جاز پیکج,,topup,done
eaedf634-9280-4890-99a1-cdfc322bc90f,Pay ten rupees to Shahzaib.,10,send_money,done
3934309c-8694-4a49-9a31-ef50c9af7aeb,احمد کو,,send_money,done
e99fb331-b45b-4a90-be9b-815f092095a6,From Usman Ali.,,unknown,done
d5da30de-6337-49b8-86e7-a9797aba4815,Show balance.,,unknown,done
7b4135ce-2757-4a14-baf7-6805b53d3344,Send payment to Usman Ali.,,send_money,done
af05d3bd-40ad-4bac-9b80-6387233deb9f,۔,,unknown,done
1831a7a7-4030-4666-b59f-99da64ff04f4,Manage payment.,,unknown,done
b530287a-8279-4ece-bb1d-cafe057e441b,اقرار شہید کو 6000 سینڈ کر دو.,6000,send_money,done
95bc96c5-5ef6-408b-bb9c-a00b2c21b973,I want to pay Pakistan Telecom Authority tax.,,pay_bill,done
6b3a4f20-9ee2-4311-8618-b94cdf98e549,I want to pay Pakistan Telecom Association tax.,,pay_bill,done
cc114bdb-7ea2-4dd9-b9fb-76815baff42d,I want to pay PTA tax.,,unknown,done
b0d0f788-79f7-439b-8b81-43422a416c84,JazzCash,,unknown,done
10067cda-3d70-4996-b7d8-992e8a311dec,جاز کیش,,unknown,done
d50208f4-7d7f-45b0-87a5-838e2a3ab2d3,جاز کیش.,,unknown,done
34cebe0d-ce45-4c06-a529-96ac9a1f8795,میرے اکاؤنٹ میں بیلنس کتنا ہے?,,unknown,done
6cf87f8f-cf2e-4545-bc32-11df91c0631e,میرے اکاؤنٹ میں بیلنس کتنا ہے؟,,unknown,done
936c9c9e-3931-44a6-853e-41ca4ddc0f63,رضا موبائل.,,topup,done
e766395e-4a83-4ae7-914a-130bbe24d4a3,نصیم مختار اکاؤنٹ.,,unknown,done
bab5e4c8-1cbb-4a78-b90f-8a7bb7ac14a3,Send Iza Zainab 603 rupees.,603,send_money,done
aafbedfd-1c51-4f1d-8b21-ab7f5ecc7ca8,Transfer funds to Fahad Mohsin.,,send_money,done
c0d1f4b1-066a-465c-8821-3baa4f2969ab,Fund transfer.,,send_money,done
7df79b48-838c-419f-9055-fd6d5cefeec6,Please send payment.,,send_money,done
cc5714ba-3d20-49f4-8292-8d1c1a86cee6,پیمنٹ سینڈ کرنی ہے.,,send_money,done
0105ea41-687f-46c2-8201-5795954470a9,محمد بوٹا.,,unknown,done
2f008569-7a3f-4e06-9fe2-94ae697be297,Send money Muhammad Bhutta.,,send_money,done
6b8fe557-bd71-443c-9fb7-808f80fc7cb5,Send 500 rupees to Noel Sada Pay.,500,send_money,done
4913b26b-b502-4c78-9de0-94a9404b5852,Show me all of my beneficiaries.,,unknown,done
f3def791-e2e6-445d-bffb-8a6ba9bd4de7,"Hi, so show me all my beneficiaries.",,unknown,done
5c9db61c-dc7c-406f-bc15-e12eb95148dd,حسن علی کو دو لاکھ تیس ہزار روپے سینڈ کر دیں۔,230000,send_money,done
dc480e45-564e-468a-a516-a41be1e3bd15,Send 60 rupees to Malik Haider EasyPaisa.,60,send_money,done
c4577e94-6cfd-4c59-a1d7-9671f1de6622,Two hundred thousand transfer to Crystal Paints.,200000,send_money,done
1d077fc5-ae46-43d2-9092-049837753074,بل دیکھ کے بتاؤ.,,download_statement,done
bb7f8022-25bb-4ec0-8fa4-fbd9f80b6d59,Send 220 rupees to Muhammad Huzaifa.,220,send_money,done
0683b346-d421-475b-9f13-33991b828fed,بل چیک کرو.,,pay_bill,done
d21f8803-2f06-4d49-84a7-5d030dcda5c4,پیسے ٹرانسفر کرو۔,,send_money,done
8f541bc6-f00a-4168-a665-4e465f65661d,Check my bills.,,pay_bill,done
ddbfb4d2-b6aa-4618-a93b-3423a3582f87,پانچ لاکھ روپے دوبارہ.,500000,unknown,done
a38b3059-31e5-4e15-bd60-3533e0413e5a,Transfer funds.,,send_money,done
cf3df438-a653-46ec-bdff-6da1aac0089c,Hello,,unknown,done
5176376e-dfae-4530-baec-ebca6a0c1def,Send 1 rupees to Gulzar Ahmed.,1,send_money,done
800e03be-6349-4e6e-a8a1-1b81c484e759,سفیان نظر کو چالیس ہزار بھیجو.,40000,send_money,done
a6320ba3-17b9-4952-bcb4-ba84a0c44f8d,"Send 40,000 to Wazir Qamar Abbas.",40000,send_money,done
12296215-5505-4457-b673-644dc7b0036b,Show my dashboard.,,unknown,done
cd3a2015-3cfe-4a4b-bb08-21c546d07c85,Open Wajahat Traders.,,unknown,done
5d85cc64-563b-459c-a01f-1305b6e1191a,Open Wajahat Traders.,,unknown,done
b2b50b4b-7cce-42cb-a256-c025f5f241f2,"Hello, I want to transfer 8000 rupees to Mr. Noman Mehmood.",8000,send_money,done
ce571236-b1d7-464e-a839-17eeb22953e3,Please send five thousand rupees to Ali.,5000,send_money,done
486ee749-9d28-4f19-825b-7bff539d1a1a,پانچ سو روپے,500,unknown,done
a08fedad-eab6-4282-b237-351ffddd4c5d,مجھے پیسے بولے,,unknown,done
ff1b3914-ead2-4488-b5f8-50da4ab3061b,Aliya.,,unknown,done
1bd4e9ab-9569-4847-b566-f5702f7c88d9,دو ہزار روپے,2000,unknown,done
72c65225-c7b6-4dd5-a33e-c777cbdbae16,میں پانی ڈالنے.,,pay_bill,done
ba83482f-df48-4043-b4f5-470dd6ca9245,مجھے سمجھ نہیں آئی اس کمانڈ کی یہ کیا چیز ہے۔,,unknown,done
e94c2078-1c90-45b1-b8f7-4a9ff2549a27,Can you dial the call center?,,unknown,done
053a99c9-2c06-4f52-9332-214671832eab,Show me my QR.,,unknown,done
9b7bc704-4c87-4ce3-a30a-5583b2f97ada,Statement account statement.,,download_statement,done
eff78e5c-3ffb-43c0-acb0-9fb3988be6ad,اجمل رضا جاز کیش اکاؤنٹ,,unknown,done
a00b8bd6-ae52-4c90-b742-a3980a49d8d3,Ajmal Raza JazzCash account.,,send_money,done
a2ba9f1f-54a2-41c9-bb90-0970ca5f9030,Please send 30000 to Khalid Mehmood son of Abdul Razzaq.,30000,send_money,done
25b7513b-ae0d-4d3f-8744-0bcd3ab0267d,about the insurance,,unknown,done
495cc416-c91e-4aac-b24c-e9820a8a7330,What about the insurance?,,unknown,done
24dd67f7-7e9d-46c3-9ca3-8d2e3e0608c8,Open my current balance.,,unknown,done
5263ce00-e1ce-4ab0-bb3d-4f9d0f65a4be,سبحانی,,unknown,done
94913b5c-da6a-4fa8-a8c4-cbebfdb7c819,Show balance.,,unknown,done
8c8a5537-2ea1-463a-929a-50b058010a07,Show my bank balance.,,unknown,done
e027eb9f-b061-4d45-bb72-fd429bb3c019,Hello,,unknown,done
91659638-d5a4-4702-a541-f56ee42933ef,Hello open account statement,,download_statement,done
ffa78111-3f74-4f14-80fc-91bd6e450b79,آمنہ وارث,,unknown,done
4659c69e-2a19-4281-8cee-fa1934772270,Pay 500 rupees for Ahmad Aslam.,500,send_money,done
1d848cb0-c6d5-49f8-be5b-2c2e8206a01c,Pay 500 rupees Ahmad Aslam.,500,send_money,done
1e45a271-dee7-4807-8a8b-3006a7268c02,Ali.,,unknown,done
338b9ae8-34cf-49e8-af55-2d7b25590c5e,Please transfer 5000 rupees to Ali's account.,5000,send_money,done
8c46a82a-87c1-403f-afe7-fc275da94090,Pay to Hamza 500 rupees.,500,send_money,done
f2022f10-8476-4879-8cb2-0fe3a15746c1,Send 1000 only.,1000,send_money,done
ef230c5e-e21a-4aa0-9788-655603f4e441,اکاؤنٹ نمبر.,,unknown,done
0b99e136-3058-4304-af87-24899354286b,"Yes, open.",,unknown,done
d7e5c6a5-3ef5-4428-be08-0d2e7effa102,عائشہ یوسف.,,unknown,done
00f9505f-a946-48c7-9d62-45414da88d1c,Hey how are you?,,unknown,done
515d7dee-2462-48c0-b638-0b5677087a1a,Check my balance please.,,unknown,done
8673b8c5-2781-494a-8f93-5afc7049149e,Can you tell me what's my balance?,,unknown,done
f0a8ae6b-fa43-40a4-8d53-acf45dcd84a7,Send rupees one to Muhammad Hassan Khalid.,1,send_money,done
129d983a-bccd-4485-958b-0721c2031f4e,My balance,,unknown,done
90cb4503-9d04-4024-ba04-bcaf7dd93d66,My balance,,unknown,done
2f7f3036-0e9c-4fe1-a572-bc847aadacf5,Last debit.,,download_statement,done
0f7c71ee-c450-449c-bfac-49b2830f94ae,یو بی ایل فنڈز.,,unknown,done
15df3147-2957-4075-a4eb-96fd0ad5d7fe,HBL UBL funds,,send_money,done
c586df18-4e0e-4482-ad15-3ddae7ff6e67,Please transfer 5000 rupees to Ali's account.,5000,send_money,done
ed2e2238-6951-4791-a5c0-e415cf5d9b38,پانچ ہزار روپے.,5000,unknown,done
700a5b16-073e-4264-b137-c0da70d10b48,"Send 50,000 to Muhammad Waleed.",50000,send_money,done
e98fdd40-89df-457b-95c5-9c7508825afa,لائبہ بلاول کو دو روپے سینڈ کر دو.,2,send_money,done
c5e3500e-2348-4fe7-b0a7-75297a3e43d7,کیا حال ہے؟ کیا کام کر سکتے ہو تم؟,,unknown,done
665c6833-c9ad-49f4-b77d-6e1b2b888d51,ہلو کیا حال ہے?,,unknown,done
c860fe0a-19c6-403e-8b72-10e546439f24,لمٹ کیسے بڑھے گی?,,unknown,done
2b3b6721-36be-47d9-af2b-bbb4e5143d87,لمٹ کیسے بڑھے گی؟,,unknown,done
d800f974-7c0c-4e0c-84a9-2db04e91c570,تیس روپے داؤد اسلامیڈونیشن کو ڈونیٹ کر دیں۔,30,send_money,done
8c46c2c5-1d0e-4e77-a54f-25caffadea85,Send 30 rupee donation to Dawat-e-Islami donations.,30,send_money,done
938e5fd1-ce5c-4bfd-b595-004fc7131d98,Please transfer 5000 rupees to Ali's account.,5000,send_money,done
e46d966a-3359-4729-b1c6-3a27a5735802,Pay donation to Dawat-e-Islami donations.,,pay_bill,done
70a087df-3d88-40ef-b715-c86c0dc9136f,,,,done
6f44a125-2230-4235-ac6a-aac6bc229ece,کار لون,,unknown,done
cdb0ee9a-4ee8-4d5e-834d-ec6835a4b1d2,I wanna apply for car loan.,,unknown,done
1ae91a00-0bce-4d0b-8fdb-386892cae2dd,کار لون,,unknown,done
3cb46a01-f1db-4a8e-af39-fa75de8af431,کلار.,,unknown,done
2b959e3c-2a48-48b3-9044-2815491850ff,Add a new payee with Easypaisa account.,,unknown,done
9ab34358-4f09-4a9f-a22e-76cea7175cad,Hello,,unknown,done
e533c1cc-37bd-45ec-823c-ded35acd5c97,Add a new payee with EasyPaisa account.,,unknown,done
5eea4823-0427-454e-bebb-d60a21124769,اکاؤنٹ سٹیٹمنٹ,,download_statement,done
e9f86241-6007-4cdd-8cec-b6814bd8868f,Show me my status.,,unknown,done
4970175a-c576-460b-a725-770e9f1ba0c6,Hello,,unknown,done
9cad59c5-85b9-41e4-bc62-e58336a93387,Jaffar Saleem.,,unknown,done
b5c5bb68-6bd7-435c-a59a-747293b9adfe,محمد سلیم,,unknown,done
ffc942bf-6eba-4033-9e3a-0ba07c37cf94,محمد سلیم,,unknown,done
4e51a11b-ad48-4a39-8882-96c510679484,ساقب,,unknown,done
6ba9aa60-2cb4-46ad-a3c9-a9d716fefc0d,نوری ماروف سے.,,unknown,done
0d16bdc5-8d6a-4009-88c7-b8bf30555b21,"Hey, you okay? Hello, are you okay?",,unknown,done
9e6bfb93-f89e-409d-ae6e-6956284dbabc,Transfer 3600 to Muhammad Awais Akhtar.,3600,send_money,done
3be2d760-a3f4-4a38-a1e9-209dbb4943c9,Transfer 3600 to Muhammad Awais Akhtar.,3600,send_money,done
edec5117-8fdf-49ad-a3d4-cccb66135afb,Transfer 3600 to Muhammad Abbas Akhtar from my second account.,3600,send_money,done
24205fdb-d8ac-45e7-bf36-021d4da72295,Transfer 3600 to Muhammad Awais Akhtar from the account ending 303.,3600,send_money,done
015f0973-afe7-4cc9-8938-b413b0700d86,Transfer 5500 to Muhammad Awais Akhtar.,5500,send_money,done
d3cef861-5db0-436b-952d-866e673c407e,Transfer 5500 to Muhammad Awais.,5500,send_money,done
4b4be3f8-a391-4f42-8114-df5719e2c1ad,Please transfer 5000 rupees to Ali's account.,5000,send_money,done
954b93b7-b16c-43bd-b00e-5421740b5466,Transfer 10000 to Hooria Saeed.,10000,send_money,done
90b853f4-bf8e-4255-8603-a324f75e1339,Transfer,,send_money,done
7bfd7192-f651-43c3-b30b-b284649f8a74,کیوں حال کوئی تمام.,,unknown,done
4ba45e4c-2c59-4350-b0c2-964473c86ad7,شو بیلنس,,unknown,done
3d2fac49-2218-40b2-83f3-110742ec30ba,Fifteen rupees.,15,unknown,done
80dc8a13-7864-4c09-bbac-b102bd4a06bf,Forty thousand.,40000,unknown,done
6cb034e7-1c3b-46db-b9f2-daa9dc4573b8,Send money to Salman Akhtar Mohmandipur 20000 rupees.,20000,send_money,done
a05344ac-1173-4df7-a57e-b7616a17ee65,احمد منیب,,unknown,done
07cce936-b980-4212-86ff-ca2281fe6c06,احمن منیب,,unknown,done
696dc06c-edc3-41d8-8e92-d87f1c831e25,انیس,,unknown,done
fe58ee6c-b21c-49ea-9f71-92b5760ed9b3,Transfer 1000 to Mushtaba Shaikh.,1000,send_money,done
1cd08990-5297-4a06-af52-1e27d0a95c9c,Transfer 1,1,send_money,done
af6851fd-0bc2-4338-8adb-934976670f14,Transfer 1000 to Dawood Khan.,1000,send_money,done
f99cb837-f493-4d0c-b2b6-ad6d5e58a222,Transfer 1000 to Muzammil Khan.,1000,send_money,done
b052b144-480a-4f13-a9ca-495d7f604ee8,How can you help me?,,unknown,done
d6202ac6-27c9-4e1c-bc2e-0550d103608f,بوریہ,,unknown,done
37c5a88b-25fd-4ddf-a610-f731fdf011f4,یہ میرے پاس مائنس کیوں دکھا رہا ہے پیسے؟,,unknown,done
6c3d8a36-0a03-4f11-9410-a89563347f6a,How can you help me?,,unknown,done
8dda1584-e4a3-468c-9130-c8ba48bb6178,ایپ میں پیسے سینڈ کر کے واپس نکالنے کا کیا مطلب؟,,unknown,done
344e0124-0319-4777-8d3e-c14422cfe5e2,ایک سو نوے روپے کا کیا آ سکتا ہے؟,190,unknown,done
227c5687-7892-4bda-b471-a3e214c34c9a,اس نمبر پر کیا آ سکتا ہے؟,,unknown,done
ee58fc53-ea08-496a-82f2-a303998b8dd2,Please transfer 5000 rupees to Ali's account.,5000,send_money,done
9f4f0cbf-a22a-4a65-9933-0458dd858c53,اسپیسوں کے کیا کر سکتے ہیں ہم?,,unknown,done
0a8eb9ed-fef7-4559-9145-28a1d29e0559,حسنین کو پانچ ہزار روپے بھیجیں۔,5000,send_money,done
9112119e-0566-4037-ab10-d0fe2f43daff,"Payment transfer to Shahzeb Mumtaz 40,000 rupees.",40000,send_money,done
00aaf2bc-a3ec-405a-bc73-873e4423d0c6,Payment transfer to Shahzaib Mumtaz.,,send_money,done
b33a1abd-fdd9-4a9d-afc2-ddbb1019037c,"Hey, I want to transfer money.",,send_money,done
2f5ea18e-5784-4ad4-82e3-02147ce19135,Send money to EasyPaisa 0316 5794446,,send_money,done
7b0be80c-3973-44fe-a921-2a03b5f04ca0,Show me the Jazz packages.,,unknown,done
1ce1c49d-8ad8-4746-909d-f9084669a9f4,Transfer one million rupees to Malik Hamza.,1000000,send_money,done
cd408785-0c84-4da6-bc0d-4405f586ad7f,Transfer one rupee to Malik Hamza.,1,send_money,done
0b127179-63c5-42d6-ae3b-05d45e2f6f9a,Transfer one rupee to Malik Hamza.,1,send_money,done
6d56e17e-dc4c-4f7d-a144-03a216e9dfd1,"Send 50,000 to Uzair Naveed Khan.",50000,send_money,done
9a9473a9-6334-452d-9b7c-d86de87ddb52,Send 100 to Muhammad Anas.,100,send_money,done
1b4ad4d9-5b5f-411b-ad83-1d07394c22e2,Please transfer 5000 rupees to Ali's account.,5000,send_money,done
9d2129fe-ed87-4fd5-ab64-26dd7f518900,Hey UBL,,unknown,done
be1de1f6-5523-4b6f-895a-79e80cc84999,Please transfer 5000 rupees to Ali's account.,5000,send_money,done
52e1c29e-feb3-43bd-a2b5-11bf32a4b6d7,حمدان,,unknown,done
7090d590-b1ec-42ae-9015-aa1438654407,پانچ ہزار روپے,5000,unknown,done
5ffc1042-18b3-46cb-8d9d-b99be1870d4e,محمد علی کو بولو کہ پانچ ہزار مجھے بھیجے۔,5000,send_money,done
0b6a4e99-c72a-41fc-ad67-c9fe0346f3fd,محمد علی کو پانچ ہزار بھیجو.,5000,send_money,done
002bba49-f76f-415c-9921-babc2099b266,Send 5000 to Muhammad Ali account number 03165562253.,5000,send_money,done
c3ba1c50-7c83-4f41-a16e-24588bd16fe0,My last transaction.,,download_statement,done
3e8dc8a8-e256-40c7-bde7-31760c93f227,Atif Khan.,,unknown,done
1c9d0b87-8436-4a3d-a207-42b05d51bb7a,سلمان خان,,unknown,done
0ed98246-28a2-4559-9690-de6a10f4499f,My last transaction.,,download_statement,done
9d5385a5-7a7d-47d3-88e2-09ebf2f03657,Send 500000 to Waleed uz Zaman Khan.,500000,send_money,done
d1980ede-7299-49da-8db2-128425b02e64,"Send 100,000 to Zamart account.",100000,send_money,done
8eb77110-e434-4445-a3cb-4a6d9db1e5df,Send 25000 to Zamart.,25000,send_money,done
63e5c046-c121-467d-8bcb-4f4d60e886d0,فنڈز ٹرانسفر,,send_money,done
1dc6219c-f421-4af7-baee-25c815f87f79,سلمان خان یو بی ایل بینک اکاؤنٹ,,unknown,done
a7e47038-654c-4fd3-b4bb-15d51f9b4cc8,السلام علیکم,,unknown,done
ce3144e9-0cbb-4517-84d7-2500df7aed04,Hello,,unknown,done
f36e2d3c-df9e-4bb6-89d6-a19d14b230be,600 اسد الرحمان جیز کیش.,600,send_money,done
8a30a8b3-23e3-49a4-866d-a1cdd7448354,Send 600 in Asad ur Rehman JazzCash account.,600,send_money,done
5810568c-2b84-48fd-bb9c-0ba9c5f52d3d,Send 600 rupees in Asad Rehman JazzCash account.,600,send_money,done
c589223f-f39d-4f1b-bbdf-9b60c6429aea,Show me my balance.,,unknown,done
ffb382b7-3622-48fa-9c7c-0244c66c8510,Please transfer 5000 rupees to Ali's account.,5000,send_money,done
89bb15c3-fc0c-452f-8bf3-a30a84604b79,Transfer 100 to Adil Ahmed.,100,send_money,done
ad18a84e-1724-4dae-b80f-c7d7263f1e26,Transfer 1000 to Adeel Ahmed.,1000,send_money,done
3850f72e-b15d-4fd0-a0b7-6ab505c1433c,Send 50000 to Abdullah Javed account.,50000,send_money,done
0c16ac6c-cd0b-43a1-8240-33d8a6cdd1b8,Send 24 rupees to Hussain Ahsan.,24,send_money,done
2adca612-c9da-42d3-a8c7-7d687c7716c2,Send 24 rupees to Sain Hassan EasyPaisa.,24,send_money,done
1ee427ee-7770-4850-8f15-e747a45f441b,محمد امجد کو پانچ سو روپے بھیج دیں.,500,send_money,done
5cd6b46a-9425-45ac-bed4-beb24925fd47,Transfer money to Maryam Hoti.,,send_money,done
825c678c-e9e8-45bb-8480-a84f7795f5d7,Show me how much total balance in my account.,,unknown,done
f45e0860-d5f9-4a08-abcd-ac7f73c1f487,Transfer 10k to Hira Umar account UBL.,10000,send_money,done
5cbd66b4-aba4-43ae-9635-88c61b5fbb41,How to get credit card.,,unknown,done
4464c284-f3d0-4459-96a3-84c0dc1b9c50,گورنمنٹ ویب سائٹ,,unknown,done
e9fb53e6-4899-4e86-97c9-79f616b896ec,Hello,,unknown,done
6c7c09e6-cb64-49e0-8a4b-60c729d80165,Bill paid.,,pay_bill,done
7e56e597-a540-4bbf-b6ba-a7dbb6290574,ہلو میرے اکاؤنٹ میں بتائیں بیلنس کتنا ہے?,,unknown,done
da72ca22-6a5c-40d8-88e4-85b5bbdde1ce,Pay 20000 rupees to Mahira Haider in Meezan Bank.,20000,send_money,done
37d95a5e-f139-4067-8d6a-f64328cda9f9,Show balance.,,unknown,done
793e3b88-1c0d-460c-ba2d-18e7c1cb7077,سادہ پے میں دو سو روپے بھیج دو۔,200,send_money,done
7a9c3a21-b12e-4232-b726-1f5aaa33d362,Open UBL Bank.,,unknown,done
63606462-f5ae-43fc-8d5f-68ec4d34ecac,I love you.,,unknown,done
1aaecac9-2577-4dc2-b9e8-d527a674983a,Hello UBL.,,unknown,done
86475b82-1e96-4575-a963-0791cac0b2cc,How many accounts do I have in UBL?,,unknown,done
a84aa08a-c7c0-4803-82e6-0c87b86bf4f4,پانچ ہزار روپے,5000,unknown,done
1313204e-0d42-497a-9a96-0f22f860e8a4,Please transfer 5000 rupees to Ali's account.,5000,send_money,done
79742f90-da0f-4e74-a21a-15c67ed46fe6,Send 100 rupees to Muhammad Raza.,100,send_money,done
061ba8c8-a4de-42d3-848b-31129df11258,Car finance.,,unknown,done
c21f6618-3df6-4dba-b6ec-2b2418d5803c,Send 500 rupees to Shafiq.,500,send_money,done
a9eb657a-3bc7-4601-bc73-10c27a672db4,How much my balance?,,unknown,done
b4845e3b-28c2-4eef-a262-5e03744a73b7,How much my balance?,,unknown,done
4027238b-6e50-44bb-a883-1d3914bb1e15,Credit card.,,unknown,done
2a5ac6fa-d431-42d4-ad37-8ab5f3cdda28,Debit card.,,unknown,done
876dda59-003c-487b-a887-f92bd31ccedd,ڈیبٹ کارڈ اپلائی کرنے کے لیے کیا کریں?,,unknown,done
e4cef3f4-a2ef-4e74-a87c-b6ac8d9a6f24,I want to apply new debit card.,,unknown,done
105636c0-0ec3-4b02-9320-8de7b1bf12a8,Apply debit card.,,unknown,done
790f8216-b0ef-48e0-9bec-7f49f9c26259,Send 1100 Sada Pay Muhammad Ahsan account.,1100,send_money,done
1a279f15-6215-41b1-9d74-347ecc46cee7,آئی سے صدا پے اکاؤنٹ محمد احسن اکاؤنٹ.,,send_money,done
dae4f816-0ee8-436f-b211-2b544fde50eb,1100 سینڈ کر دو محمد احسن.,1100,send_money,done
39614808-c2ff-4390-a03f-73a36b89c999,"Can you please send 150,000 to Muhammad Usman UBL?",150000,send_money,done
7537adab-8f9a-4243-b3d5-b9ae2c9945fd,Can you please send 3800 to Muhammad Noman Nayab?,3800,send_money,done
1a6f40dc-030f-4415-aafa-2a1230bdf803,Please transfer 5000 rupees to Ali's account.,5000,send_money,done
404f39be-43d6-4ad3-a10a-fccbbc94eccf,Send 3800 to Muhammad Noman.,3800,send_money,done
ccea8a21-7035-4f5e-a217-0307df8a31e8,Empty,,unknown,done
9b1d231f-5fe8-4268-a0a5-ce4809109a19,Please transfer 5000 rupees to Ali's account.,5000,send_money,done
1109e1a7-7db9-456e-8ccf-3fc3cddf5306,محمد,,unknown,done
67f19894-9114-4bdc-86b6-6f85cf0bccf7,Please transfer 5000 rupees to Ali's account.,5000,send_money,done
7e334c73-7f23-43be-b499-ce40277c25fe,"Can you please send 150,000 to Muhammad Noman Niazi?",150000,send_money,done
447c277a-6cc0-44f2-834b-cd26f2a49e6e,ہیلو یہ یو بی ایل بینک کا جو کارڈ ہوتا ہے اے ٹی ایم کارڈ یہ کیسے ایکٹیویٹ ہوتی ہے?,,unknown,done
b19e297c-d96f-4d65-bf24-508bffdc6c99,حسن,,unknown,done
f73bb0c7-f1ce-4c2a-b206-a791f922db10,Okay transfer money to my account.,,send_money,done
42d78304-2a7d-484b-8d79-cf093757b283,ہاں جی,,unknown,done
39b94ccf-a831-4c5a-a3f3-6b8050ae5064,Please transfer 5000 rupees to Ali's account.,5000,send_money,done
097090f3-67b3-4895-b23a-21c80d8f374c,Please transfer 5000 rupees to Ali's account.,5000,send_money,done
e53176ad-4892-4441-bdfa-1b841ffeeb29,پانچ ہزار روپے,5000,unknown,done
2d5789ea-cd2a-43cc-ba61-29f16b183afe,Please transfer 5000 rupees to Ali's account.,5000,send_money,done
e247fa10-6ec1-4ffc-82ad-cca9f63a8b1b,Please transfer 5000 rupees to Ali's account.,5000,send_money,done
b0c8eaf0-6395-4391-b93b-ff419b43be42,اور پھر واپس,,unknown,done
c7411f1a-49fb-406d-82c6-69376288d02a,,,,done
667feb5d-c74c-4e61-8300-34f6d7663442,پانچ ہزار روپے,5000,unknown,done
e7252169-8ed1-4586-93cf-90c2da1acc1b,"Hey, can you do",,unknown,done
17c26f17-de23-4533-b5ce-e443ba5362fc,پانچ ہزار روپے.,5000,unknown,done
3ce21b2f-3a14-46bf-bf01-6559f7c38468,Send 100 rupees to Muhammad Umar Saada Pay.,100.0,send_money,done
c38e80f0-1e86-4def-bfd3-057bcd143694,Transfer to Sumair Ahmed.,,send_money,done
b5799e21-3d21-46cb-b46b-97fb4d681292,پانچ ہزار روپے,5000,unknown,done
840116da-b37b-4825-9d88-e0172bd62780,اوپن پے ناؤ.,,unknown,done
bdcf984e-e09d-4717-be42-91276a7c16db,Open the statement.,,download_statement,done
d91e8f0f-00fc-4f1b-80f4-0ab5f44f8186,"Send 10,000 rupees to Muhammad Ahmad Faysal Bank.",10000,send_money,done
c46e2216-3141-4228-a403-875c120b0813,Thousand rupees send Muhammad Ibrahim Bank Islami.,1000,send_money,done
a6cc29fe-ebf9-49ff-b1e2-0c012f544cfc,I want to send to Rana Haider.,,send_money,done
ae34de87-9411-409f-949c-66e202f88506,I want to send,,send_money,done
3365e48a-d1fb-4e2d-9fd6-f21e0c72d1d5,"Hello, how are you?",,unknown,done
e69bcf18-fad5-4789-92d2-a1b63670902c,ہزار پیا بھیجنا ہے ایزی پیسہ۔,1000,send_money,done
04c3bebd-3e91-4366-b572-79ebf5411e9f,Pay 1170 rupees to Ali bin Jameel.,1170,send_money,done
512d60f2-5ff5-49b5-870f-2e29b2427971,Pay 1422 rupees to Shahzaib Azam.,1422,send_money,done
fe197179-df17-4089-a259-bc3c45ed266c,"Send 80,000 to Muhammad Ahmed Bank Alfalah.",80000,send_money,done
de66282e-768a-4dc1-88e3-b6eb02b6ad26,"Send 80,000 to Muhammad Ahmed Bank Alfalah.",80000,send_money,done
ee12962d-4b23-415f-8337-c554e53cfd41,Subhan کو 3100 بھیجو.,3100,send_money,done
7769d423-bfa9-4b51-bd6e-364b756bc90f,پے 3100 تو سبحان.,3100,send_money,done
2b3c2e6a-cb34-4771-85ec-eb07224ad818,Please transfer 5000 rupees to Ali's account.,5000,send_money,done
b02a9214-d48e-44d4-ad35-f792ee0f90b2,Send 82500 to Arsalan Naveed UBL.,82500,send_money,done
af5d4d21-f974-4658-9432-d6597d090fab,Go to home.,,unknown,done
24a33bd1-55dc-4824-a953-f5f0532dcc75,Transfer,,send_money,done
f3b0a974-cbf8-4dba-bf63-77df66addfab,اکاؤنٹ بیلنس.,,unknown,done
1426531d-cbe6-400a-afaa-c208db66d986,Please transfer 5000 rupees to Ali's account.,5000,send_money,done
962408c7-99a0-4a82-984d-4035c8fb5f3b,Please transfer 5000 rupees to Ali's account.,5000,send_money,done
cccd207d-1fe9-4857-92a8-318643616bff,,,,done
dc503015-f6ed-4e47-ae6a-e52a1d3e8ebc,Send 1000 to Zahida Bank Islami.,1000,send_money,done
29c9adf7-07f8-41c3-a220-f4434544353f,بینک اسٹرمنٹ بتاؤ.,,download_statement,done
7829c526-6cb3-47a0-a0e4-834e4bfbfe8f,Zara.,,unknown,done
59e9525a-9a46-480d-9bb9-e0a37f34448e,Hey.,,unknown,done
9a2e2cd9-f50f-472f-83c9-715e1c25ac36,شو می اکاؤنٹ بیلنس,,unknown,done
97f3b4d6-d8a0-4ac2-83ad-f07c3ff97b6b,مجھے بہت تھکاون,,unknown,done
c599dc9d-0e0a-41ea-9b1e-8b4e93004adc,Show me account statement.,,download_statement,done
c9c774dd-7d42-4d52-8ab2-ff0bcb803848,Show me account statement.,,download_statement,done
348970c3-5c17-497e-b65a-3b76e09a82c0,Show me account statement.,,download_statement,done
cefcd045-ee59-42c7-9f43-1c5cc665a893,Show my account history.,,download_statement,done
a8fa8601-f1e4-457d-8daa-ea58f7df81ad,Send 5000 to Fahad.,5000,send_money,done
f1e76206-a780-41f7-bbb0-62e5e4ad0387,"Pay 10,000 to Muhammad Nadeem.",10000,send_money,done
b8d8164e-844d-4298-8106-d31172957049,پانچ ہزار روپے بھیج دیں.,5000,send_money,done
cc973376-77c9-4fa9-b6c6-74c607e28a7e,"Pay 10,000 to M. Nadeem.",10000,send_money,done
9192c9f8-f724-4488-bc75-262bbfad46c4,Send money to Aiman Nasir.,,send_money,done
09172691-6a2b-4cf8-a168-bee2cc8338d8,Adil Khan EasyPaisa.,,send_money,done
55757554-e212-4af8-ad10-597348c4241b,عدیل خان,,unknown,done
82a5517b-7fa8-4495-8cd2-6b1d081cf219,Please transfer 5000 rupees to Ali's account.,5000,send_money,done
d500fc27-1758-47b9-a62a-3d86782e9e3e,حسن کو پانچ سو روپے بھیجیں۔,500,send_money,done
8ed6a185-966b-4dc6-bd85-d5f30476c355,Send 300 rupees to payee Ghani Abbas JazzCash.,300,send_money,done
aa7af10d-f54f-4672-b689-13d400f7a267,Please transfer 5000 rupees to Ali's account.,5000,send_money,done
f3810494-551f-449e-bb75-b39396b5973a,Transfer money,,send_money,done
8176eaa1-661c-4b94-962f-0ca034a10276,Hello UBL.,,unknown,done
8ae7103c-8da8-4257-87a1-5305830c0781,Hello,,unknown,done
777afc2e-9548-4b29-a315-41ee8ea5b1e6,پلا دے تاکہ درساں۔,,unknown,done
2afca635-a33e-4978-bc8b-6d0f2ca01013,Send 5 million to Ali Hamza.,5000000,send_money,done
aa866c69-86d0-46b7-a658-021bc0c4fe81,Send 500 to Haris Nazir on JazzCash.,500,send_money,done
4f856d0c-d302-4c45-8f22-8c9a6067511e,Send 500 to Haris Nazir on HCB.,500,send_money,done
35bb6420-d8df-4587-b59d-0b68e1fb0a4c,Send 500 to Haris Nazir on EasyPaisa.,500,send_money,done
350327f1-3ce7-4fdd-a224-d2db64b5173a,Open my transactions.,,download_statement,done
1b2ea5be-6526-461a-b540-43c063904b43,Hello,,unknown,done
8fcdadd9-0e2c-4583-b10e-ab2d6a9fb891,لالہ,,unknown,done
1e59afe4-c617-4b67-ab9e-2f9506006f6f,عمیرا نعیم ایچ بی ایل پیز اکاؤنٹ۔,,unknown,done
26c16fa0-264b-4127-90a4-4c045972fa5e,میرا نیم ایچ بی ایل.,,unknown,done
b5ea9f36-b391-4e92-8667-193f0d7b7a26,اسما بی بی کے نام پر دو ہزار سینڈ کر دو۔,2000,send_money,done
ca2ab710-6ac3-448e-a468-ce99b8140d25,بجلی کا بل ادا کریں.,,pay_bill,done
69d8a0de-f32c-4926-b738-291f23c2a022,عبد المجید کے نام پہ پانچ سو روپے سینڈ کر دو ایزی پیسہ پہ.,500,send_money,done
d1743da9-7b0a-4171-a9c7-4e22c42cfe0d,Ali ko pachas rupay bhejain.,50,send_money,done
ecc03e8d-ddf8-478f-9614-e0f299d6c40d,"Hi, can you show the balance?",,unknown,done
0e86ae3d-de27-4cfd-b092-04d5ef6029d5,I want to send money via JazzCash.,,send_money,done
07f81f4e-59a0-4971-83d2-842532645526,ایک جاز کیش کرنا ہے.,,topup,done
ed07ed1c-b168-4b03-ac2c-8be88bb1b87b,سعد کمال حیدر,,unknown,done
068e703f-1b06-47b6-9989-7350d8593b5e,پانچ ہزار روپے,5000,unknown,done
d8b38694-dbe3-4765-81bd-62ca94145463,Limit management.,,unknown,done
c2450d41-9463-418e-a4e7-676593e33d67,Limit management.,,unknown,done
30ee3d6a-6808-46bf-8945-cac6e5ac9ea1,Show balance.,,unknown,done
99d4b605-213f-44c1-84c1-19758ef76850,Check my balance please. What is my balance?,,unknown,done
e1aaead1-16f4-4c9f-8433-51e44a0318f9,,,,done
d235eff5-9bf7-41ee-ad2a-a255174a6b67,Check my balance please.,,unknown,done
be752351-1266-4ccc-bc2b-372b46dd3114,I want to share my account details on WhatsApp.,,unknown,done
dfa57ca3-dff9-4183-9d8d-dceab05401cb,سو روپے طارق ایچ بی ایل میں سینڈ کر دیں۔,100,send_money,done
cfce001a-2275-4dd1-9aac-dfff9658a9f0,Send 50 rupees to 0335 0543212 on Easypaisa.,50,send_money,done
7b5b52e8-69bb-454a-ae07-2fedb784c4ed,Send 50 rupees to Syed Muhammad Bilal Asghar.,50,send_money,done
5e925b87-fa32-442e-80eb-c85adeac0d10,محمد کے اکاؤنٹ میں پانچ ہزار روپے بھیجیں.,5000,send_money,done
28f5e3f7-da76-4d4b-996d-60d2cb48d92c,I want to know how to check balance.,,unknown,done
8a2cd213-65c5-47e4-9ec7-253d5b724e59,Hello,,unknown,done
9e11756e-e9c7-4a79-b48b-94133de6d509,Send 1 rupees to Hammad Shahbaz.,1,send_money,done
fa529113-bc20-4fec-9866-2a905d890161,Sent one rupees to Muhammad Shehbaz.,1,send_money,done
ab9fcbad-2b40-472d-bbe4-fcb77f9ed077,Send 1000 to Hasnain Amjad.,1000,send_money,done
0feb9d2a-7ce1-4598-90d4-c675a3479e9e,"Hello, send 2000 rupee to Shehryar Khan EasyPaisa account.",2000,send_money,done
0045e156-affc-4ede-a158-ce8caed434af,فیس آئی ڈی ایکٹیویشن,,unknown,done
675f670a-0892-437a-a10a-cb8276845aaa,میرا مطلب ہے کہ میرے پاس پیپا کے اور میں کیسے ویزا کو ٹرانسفر کروں۔,,send_money,done
1fadd7c9-f2af-4e61-b39a-b9163fad14f8,اسلام علیکم,,unknown,done
7ec098f3-81ea-4ff4-a169-2b473c8257f7,One thousand.,1000,unknown,done
5b1a0f85-bc0c-4d58-8b03-2aa7a3adda03,Send 500 rupees to Muhammad Dawood Nasir JazzCash account.,500,send_money,done
ae79b8a9-de69-48f3-a12a-c562156c16a3,Send one thousand rupees to Abdul Wahab.,1000,send_money,done
34a3ec44-0ddc-439b-9731-3ac46ad5f5e5,Hey UBL,,unknown,done
cf71c0bd-5752-4711-86fc-1c9481142764,"10,000",10000,unknown,done
3271acf8-a243-43d3-a12a-410dbb38652d,Send Haris money.,,send_money,done
432ee1da-8dd0-4f66-8d34-9ec89efd7ece,Send one rupees Sibghatullah Al Habib account.,1,send_money,done
cf162461-cb92-4819-844e-eb4dd0ebdc27,Please transfer 5000 rupees to Ali's account.,5000,send_money,done
1bc8c2ff-335f-4efb-882d-20308cb7b9f1,میرزبا، واپسی ہو.,,unknown,done
92c18064-a005-46e1-b9e2-e4d2fb599d0e,Pay my electricity bill.,,pay_bill,done
58b220e2-c85a-4d4b-8ae6-3679ff75fe32,حسن کو ایک ہزار روپے ٹرانسفر کر دو۔,1000,send_money,done
266b4451-81c5-4a25-89f0-cc74e0d48995,موبائل لوڈ موبائل لوڈ,,topup,done
48708ea6-7698-4848-aad5-10c3e5252fe3,موبائل لوڈ,,topup,done
d407fec4-0326-4825-b679-deb09a27f12c,Show balance,,unknown,done
0cab10d3-a129-45d1-94e0-1bc1f8a6918b,Send 400 rupees to Hamza Fazal Bank Al Habib.,400,send_money,done
15d8ebab-293e-4d96-9317-3585544df1aa,Send Anas Asif Bank Al Habib thousand rupees.,1000,send_money,done
49963fbe-80b9-417a-bd5b-82e363931d2a,Send,,send_money,done
f2a22329-88c7-455b-81fd-a9c588c472eb,International transactions.,,unknown,done
64c99036-8e58-465a-8f95-6800f8a64e04,Send 25000 to my NayaPay account.,25000,send_money,done
6f1e313b-81c6-42d1-a9ed-3d599c6a0e5a,میرے نیاز پیمار پچیس ہزار روپے بھیج دو.,25000,send_money,done
cb9f6625-4f93-4341-af70-7136b083524f,Open B,,unknown,done
565f3238-2069-47c2-ba5c-e7373032daf3,شو بزنس,,unknown,done
5e8c89c5-90ff-4ef9-905d-2e12dfbd0864,Transfer the amount to Jam Nasir.,,send_money,done
732d589a-c455-4fa7-ad9d-1deb4c563e6b,شو مائی اکاؤنٹ بیلنس,,unknown,done
9aa082ef-4d8a-4623-8b85-f922d5025d69,,,,done
b966b87b-b12a-427b-be2b-12e9bfb25527,Show my account balance.,,unknown,done
2562c650-0120-49c3-888e-05b37bcb88d4,Please transfer 5000 rupees to Ali's account.,5000,send_money,done
882adf80-b6f9-4315-b822-b9ebfe875934,مجھے میرے بینک کی اسٹیٹمنٹ دو پچھلے تیس دنوں کی.,,download_statement,done
8b2139bd-1839-4d2b-8585-d7c890339e9b,Can you show me my statement for the past 30 days?,,download_statement,done
48661d26-1fe4-4496-95e2-d1ce98c42d42,میں یہی,,unknown,done
116a970c-d179-4baa-8f23-106cb9c2ec4d,Send 15000 rupee to Muhammad Saeed.,15000,send_money,done
79871f5b-0df8-424a-93e9-fe2b44884200,Send 25000 to Faisal Riaz.,25000,send_money,done
564e76d8-2161-4e38-9459-6e53a57e305f,Send money to Hammad Chaudhry.,,send_money,done
d79e6198-ca65-49ce-b7d5-ddaa05999251,Money transfer,,send_money,done
2d4d5086-31ee-497b-8172-15c7633a0e9a,احسان الہی کو ایک روپیہ بھیج دو۔,1,send_money,done
5b0ed92c-e375-4b36-8a0c-9655aec728b0,عبدالصمی کو میزان بینک میں 500 بھیج دو.,500,send_money,done
8350db19-c45b-4e23-a24c-77349b24d5f7,عبدالسمیع کو پانچ سو بھیج دو۔,500,send_money,done
2e097941-4473-4b9a-9130-b474bb2cd40c,Send 500 to Abdul Sami.,500,send_money,done
a4270db5-03dd-4ccc-ac38-1d50d35de795,Send 1 lakh rupees to Umair Naveed Khan Meezan Bank.,100000,send_money,done
415d5725-2628-40a3-a6ec-d1c72c592377,کر,,unknown,done
69da46be-f35d-4a37-a302-10d78a45aba2,Send 30000 to Hunain Naveed Khan.,30000,send_money,done
bca6b494-b0fb-4731-92b2-fad12919f634,Send 5000 to Anas Musa account.,5000,send_money,done
5090db56-a219-4e17-b13b-cda53ca5889d,"Send 20,000 to Farah Naveed Khan.",20000,send_money,done
8b091592-54b0-4c7a-802d-64bccc74f769,پانچ سو روپیز سید ابوذر شاہ کو بھیج دیں.,500,send_money,done
fd6465d8-dc41-4f41-a060-a3e63820c4bc,سید ابوذر,,unknown,done
a0e224dc-ec05-49f9-80b6-b8a141181661,ابوذر کو 500 روپیز بھیج دو.,500,send_money,done
7f89d797-99dd-4c7f-83b5-b11c06dc89a4,Send me the amount.,,unknown,done
4cdf36ec-47f3-4e5d-88bd-c3189fa07e7e,سید ابو ذیشاہ کو دو سو روپے بھیج دو.,200,send_money,done
af1656d2-4244-4400-a5ca-3ec100ad5c71,مجھے کسی کو پیسے بھیجنے ہیں تو منی ٹرانسفر پہ جا کے نمبر پٹ کرتا ہوں اس کے بعد جیز کیش بینک ہے اس میں سینڈ کرنا ہے۔,,send_money,done
692033e8-ebad-481d-98b8-6a1cf85cb02c,آج میرے پاس کتنے پیسے ہیں؟,,unknown,done
7f99c3ae-29e9-4d6f-9243-77843d73cd49,آج میرے پاس,,unknown,done
2f3877ff-026d-4a0f-9d00-683ba4ba87b3,Show my statement.,,download_statement,done
2d7518a2-e0d2-43af-8d2a-4506e3a698d8,Send one rupee,1,send_money,done
22b09b9a-1eb5-4729-8ece-9aa42e64b053,Show my account balance.,,unknown,done
08343b08-6050-49f7-8d9f-73a1986cd677,میرا اکاؤنٹ کا بیلنس شو کریں۔,,unknown,done
c4aec8fa-2d2d-492d-9310-31140d3078a3,Send 290 rupees to Khan Samiullah Khan.,290,send_money,done
521a31cf-de01-4f63-8577-314caf9c2bce,"Hello AI, how's you?",,unknown,done
6c003d02-ebff-4d58-b59a-60bf3c4b7162,"Hello, how's you?",,unknown,done
9905c538-d2e0-44b2-b2b9-afedefca860b,,,,done
5865329b-75c4-4bf0-a2ff-6d961cd77a1b,Send 5000 to Saad Saleem UBL account.,5000,send_money,done
18158bdc-8855-4758-a5d2-71d8ab8a0695,پیمنٹ سینڈ راس آئی ڈی.,,send_money,done
e502f9c1-71df-4a96-81be-a9eb19cb1500,Send 5000 to Saad Saleem.,5000,send_money,done
b94baff9-26e1-48dc-9002-00b89619435c,حمید,,unknown,done
ea93c226-1ad1-45f9-a08c-c71106c66250,Hameed,,unknown,done
04b7ac2f-b141-4b1d-8627-66c89d2e7b55,"Hello, how much my balance?",,unknown,done
f2c44c7f-daa0-490e-969a-69a637991f41,مجھے میرا بیلنس بتاؤ کتنا ہے?,,unknown,done
f6f42f7a-182d-40e7-be40-a8e334b18335,فراز کو دس روپے بھیج دو.,10,send_money,done
8a28677c-b3aa-47ba-b6b4-256c03cab661,میرے اکاؤنٹ میں ابھی کتنے پیسے پڑے ہیں?,,unknown,done
889acfa4-77a1-4d26-b80e-5881cd59872a,ایک روپیز محمد فراز کو بیج دو.,1,send_money,done
0cb9f3cb-5edb-48ef-81e3-98b191a0c961,One rupee.,1,unknown,done
c5a99f45-57a5-4606-a89c-9d2192e5e3e9,Transfer 500 rupees to Ghulam Abbas EasyPaisa account 0345.,500,send_money,done
2ec6677e-46e8-4e75-830a-b95005acd02d,حلو.,,unknown,done
12860f36-ab83-43f2-b9a2-fc5c00476aef,Transfer 500 to Ghulam Abbas.,500,send_money,done
47847593-d03c-49c1-bb75-668799cbb0eb,"Hi UBL, transfer 1000 rupees to Hunzala Aslam.",1000,send_money,done
4b914e3b-c31a-4331-8b2a-49ae3aa20a00,Send 1 rupees to Andlaslam.,1,send_money,done
9ac9c96c-dc36-4b0c-a6da-53d5b101a351,Send 1000 rupees to Anzala Aslam.,1000,send_money,done
fb4431af-5b56-457c-9322-334ab84e4381,Send 10000 to Bahadur Khan.,10000,send_money,done
7603eaf8-cdc8-4f00-b34e-d83d9c0f7020,Hi GWM,,unknown,done
e9e873bb-4e6d-45bc-b5bc-35109dc3ef64,Transfer,,send_money,done
dd7ba759-6769-449c-aa29-04e1684597f2,"Hi UBL, transfer 1000 rupees to Anzlaslam.",1000,send_money,done
38c99817-1877-4761-94ff-d691dd727448,Send 300 to Hassan Wasim Meezan Bank.,300,send_money,done
b3fdebaa-7d0f-44c2-ad9d-9fdb7728ab0b,Send 300 to Hassan Wasi Meezan Bank.,300,send_money,done
a82f00d1-45e5-4410-bc31-ea63bdff3370,Send 3000 to Uzair Uzair in Mypais.,3000,send_money,done
5118ccc8-a856-4482-b867-445fc35339d9,Send two rupees to Salman.,2,send_money,done
b1971dae-2fc6-4aac-9832-118e2575a787,Online transaction,,unknown,done
a865007f-18fb-4d4a-81c8-e6e4a171ac6a,Please send me,,unknown,done
90f32c04-f801-443c-974b-ccc7d5751d82,Please show me my balance.,,unknown,done
b1aa45d4-4e2c-40cf-80ab-c1356306efbb,Show me my balance.,,unknown,done
9762f558-8a9e-4c84-913a-9ebc0815feeb,Send 1 rupees to Fahad Hassan.,1,send_money,done
77816e8f-2730-4c7e-94fe-018823cbb540,Hello.,,unknown,done
998f7fb3-a59f-463c-a5f8-ba42074b9cd5,Payment please.,,unknown,done
bf585b32-10d9-415e-92f5-d0c2e7929726,بل,,unknown,done
d89d582d-d371-4ffb-906c-2609ba33c167,PK35 MZN0098882105124702,35,unknown,done
d4f2b2c1-b213-4d74-9db1-b09362fc14ef,Send money to Muhammad Marij Khan on JazzCash.,,send_money,done
a200a32c-ab56-4dff-80a6-10fe6519d516,,,,done
ed07a7de-944e-43f9-af76-a7d0c8d4d95f,Hello send money to Farkia Ahmed.,,send_money,done
c008083f-bb15-4002-ba6a-3bc8a5e8a46c,Send to Ibrar the Easypaisa account one rupee.,1,send_money,done
9f55d4ac-2166-4a6a-a295-f9cae35023c8,Send to Kashifullah one rupee.,1,send_money,done
db3f700d-f399-4de3-842c-784ea4e95bbd,میری ایزی پیسہ اکاؤنٹ میں سو روپے سینڈ کرلو.,100,send_money,done
50124331-d31f-4aca-b92b-dc9b6b625c35,کیا کر رہی?,,unknown,done
fd115c9d-5883-4345-bb09-e838662ce4cf,میری ایزی پیسہ میں ایک روپیہ سینڈ کرلو.,1,send_money,done
0ae9a043-97be-4864-a7ae-ad19edae29ca,چیک بیلنس.,,unknown,done
a1759946-5ccc-4f77-9363-b29dcaf75ee5,Hello,,unknown,done
7cac1048-d847-4bc6-9c1d-03fa263459fe,"Hello, السلام علیکم",,unknown,done
4aa7bd7d-32f2-4c9c-b659-c73f258b8f12,"Transfer 10,000 to Aslam.",10000,send_money,done
7842b8b6-86a9-41bf-ad7d-88ca4138cb3a,Transfer 10000 to,10000,send_money,done
b3e9e5c7-4ce0-436f-8fe3-502274b1a269,سلام علیکم، I have made transaction 15000 rupees on my other account.,15000,unknown,done
8f697be5-2550-4487-b4de-dac2ac1face2,Send 1700 to Muhammad Awais via RAAST.,1700,send_money,done
5d79e0ac-c96c-4e7d-b423-ba71dd1b8a81,پانچ سو روپے سینڈ کر دو رحمان تصور نیا پے.,500,send_money,done
eef48d29-a73d-46f7-8ca2-ee11983649da,Please send 500 rupees to Rehman server.,500,send_money,done
74422aa2-ba29-4899-af7e-4591ee74ec6c,"Hey UBL transfer 10,000 rupees to Suleman Shafqat.",10000,send_money,done
07baacf7-67af-404f-9c84-800ceede9f5e,Send 1700 to Muhammad Abbas.,1700,send_money,done
55bc18b5-2441-424e-9a10-eb6862729918,UBL transfer one rupees to Salman Shafqat.,1,send_money,done
da90b8f9-5de8-4442-82a3-cd9fe17b85e8,Send one rupee to Shazia Umar.,1,send_money,done
218aa088-bb19-49db-b415-9829ee101a2e,Please,,unknown,done
48f05dcc-2960-405d-8acc-f37853a7fbad,Send Ibtisham Ibrahim 1000 rupees in JazzCash.,1000,send_money,done
88ac9bad-b08b-4dd2-91bc-f4186c9352d7,منصور احمد کے لیے لوڈ کرو سو روپے کا۔,100,topup,done
325c07d2-d809-407a-914d-f2bb07cdf389,محمد حما صفی اکاؤنٹ پلیز.,,unknown,done
238aa792-c3fb-402e-a245-03b0f4a7cda1,حبیب,,unknown,done
814a9c83-f14c-41f8-9eff-fd2c37344982,محمد مقصود احمد.,,unknown,done
e1d0dd73-ff2a-400d-9798-f85940f4ac4b,رات آئی ہے نا.,,unknown,done
a194e18c-cd88-453f-b8dd-43393ffb676f,Send 16000 rupees to Muhammad Bilal UBL.,16000,send_money,done
772ea20b-f7f3-4b49-88ca-da891c4365ca,"Send 40,000 rupees to Hamza Faisal Bank Al Habib.",40000,send_money,done
48c3bbe0-add2-4393-ac39-1582ad7a8b00,اسماعیل کو ایک ہزار روپیہ بھیج دیں۔,1000,send_money,done
ee86ab23-0811-4c0e-bf71-eddb10f5bd50,اسماعیل کو ایک ہزار روپیہ بھیج دو۔,1000,send_money,done
bc5bbca8-8d0c-4ca0-96f2-6f933a0887fb,اسماعیل کو دس ہزار روپیہ بھیج دو.,10000,send_money,done
08a3ced1-746e-4e78-b056-902b5ea7b6eb,السلام علیکم، 10 جنوری 2026 سٹیٹمنٹ.,,download_statement,done
a418ab68-e7f2-4da3-ad3e-6c85736bcef9,اسماعیل کو ایک ہزار روپیہ بھیج دو.,1000,send_money,done
d1751866-3c58-49f4-8d52-50fa9003eacc,زونگ نمبر کو ایک سو روپیہ بھیج دو.,100,topup,done
383cb834-e9ae-436b-b429-6e3095f716d8,Send money to Moazzam Ali.,,send_money,done
db3a3f1c-e95e-496b-b1bb-a4ade3b29958,,,,done
cb401ca1-6427-4e3c-b08b-d9e2113b4a37,Transfer to my Meezan account.,,send_money,done
b2827d47-56ea-41b0-a898-c77ed187f7b0,مدک جمال کو ہزار روپیہ سینڈ کرنا ہے اس کو ہزار روپیہ سینڈ کریں.,1000.0,send_money,done
60cf0300-d2ee-4995-b4ef-29a084cf2877,"Hello, kindly transaction the 2000 PKR Muhammad Furqan Bashir Moblink account.",2000.0,send_money,done
91215b09-7ec2-46a5-8444-086770908681,Send 15000 to Muhammad Wasif.,15000.0,send_money,done
d785a274-78d7-4426-8fc3-2dd3885f416f,Send 1 rupees to Saqib Gul in my pie.,1.0,send_money,done
2586723c-e6a2-4276-b868-2addd6be605a,I need to transfer money to someone.,,send_money,done
7d66a528-37c5-4aee-afbb-5d6cff585249,Please transfer 5000 rupees to Ali's account.,5000.0,send_money,done
28dd22be-f563-496b-a048-aa92176ce747,پیسے کیسے سینڈ کرتے ہیں?,,send_money,done
ec370e46-c296-4d3a-bd6b-66af9d25564d,History,,download_statement,done
d7c138aa-d8cc-4a4d-a55f-0ca4e73b0fde,موبائل پیمنٹ,,topup,done
7783a0da-7c30-45b7-b071-2770c7293dd4,Send money to Askari Bank account.,,send_money,done
d642d4f4-d3de-4eaa-8873-adcad78fd5c4,دس ہزار روپے سینڈ کرو.,10000.0,send_money,done
28335367-87b6-4899-9a63-890d2b493e80,Send 50 rupees to Muhammad Haris Hayat.,50.0,send_money,done
2893b8b8-ea69-4cd0-a6a4-5d3ee872a44e,مجھے میرا بیلنس بتائیں کتنا ہے۔,,unknown,done
1e03dd17-fbc8-483e-aa81-01a7a8f315b5,Hello,,unknown,done
03e3b221-f56d-4523-8477-788678ca52cd,ہوم کا بل بھر دو۔,,pay_bill,done
52b4b5b2-73ae-45a3-baa5-550b21b27e97,Transfer 100 rupees to Mashal Moiz.,100.0,send_money,done
6d855798-d799-46dc-b9ce-5eae40a6af7e,بیس ہزار حمید کو سینڈ کرو۔,20000.0,send_money,done
fabc7ba2-0012-49e0-b47a-ac5a22e6a55a,,,,done
3b1e9af2-ad6c-43cb-a7be-853406bb2beb,Send 1500 to Gauhar Ahmed Allied.,1500.0,send_money,done
7c714f98-1323-41eb-addc-272dd011be78,میں نے انٹرنیشنل ٹرانزیکشن کی ہے میرا اکاؤنٹ میں ریسیو نہیں ہوئی ابھی تک۔,,unknown,done
814d1569-9434-4818-8c8c-63fad409bcec,"Hi there, open account.",,unknown,done
db51db27-c961-4cf2-9182-3d88e3d56e7c,Pay five thousand to Tasleem.,5000.0,send_money,done
b0302f7e-4bf3-4026-aac2-c37ffa17fa89,Hello,,unknown,done
a1864717-ccb3-4b52-bf4f-bbfb1d437ca9,Please transfer 5000 rupees to Ali's account.,5000.0,send_money,done
343f3408-048e-48b9-85e5-9c3395c076e6,کمال۔,,unknown,done
57864694-8980-4349-bfb5-de1010045046,اچھا مجھے حماد کو پانچ سو بھیجنا ہے اور چھ سو بھیجنا ہے اور دو سو بھیجنا ہے۔ ٹھیک ہے اور اس کو ڈیوائیڈ کرنا ہے پانچ سے۔ تو کتنے بنتے ہیں؟ یہ بھیج دو ان کو۔,500.0,send_money,done
aa7b0016-5316-4ebe-942d-eaf070aa9261,Send money to,,send_money,done
f1c36740-8bcd-45a7-9d17-0e0e9d405bfa,Please transfer 5000 rupees to Ali's account.,5000.0,send_money,done
d413204e-c86f-4ed2-94da-9e776394d076,Please transfer 5000 rupees to Ali's account.,5000.0,send_money,done
8590ab48-464e-41aa-bc7f-45d8b74c3079,Kindly transfer rupee 1 to Imran Hussain JazzCash.,1.0,send_money,done
528ab459-7106-40c9-82fc-9abfc2c8b822,Total balance in my account.,,unknown,done
b7fcadae-023c-48c5-8e8a-59f44e57f9c6,"Send 250 rupees to Hamza, Al Falah Bank.",250.0,send_money,done
d20436aa-209c-40e8-97a5-b4f26ef84796,Can I check my balance?,,unknown,done
9d50e565-d22a-4c40-8e48-756aa60770c2,گیملا پانچ سو لے آؤ.,500.0,unknown,done
99b98e6b-104f-4057-80d2-79b0b96d37aa,سینڈ پانچ ہزار اختر اکاؤنٹ.,5000.0,send_money,done
086569d8-85c7-496b-887a-84e8160dbf6a,Please transfer 5000 rupees to Ali's account.,5000.0,send_money,done
e8ef5e33-fa33-42ee-bacf-8656b9fa6966,I send money to Ayesha Javed.,,send_money,done
11e9e20f-47d0-44a3-a962-7c54bd8a6b1b,Empty text,,unknown,done
1613535d-42f0-41de-accd-df0a66428b01,میرا اکاؤنٹ کی سٹیٹمنٹ چیک کر کے بتائیں۔,,download_statement,done
60c28deb-da47-4d7a-a419-bd4a41946ba1,I want to send 1000 rupees to Sahiba.,1000.0,send_money,done
6ae9708f-ce8d-44ee-b815-67f33cbda3a4,Show me my statement.,,download_statement,done
c15caec9-10a4-4d5a-8f58-27f2614dc531,کیا حال ہے?,,unknown,done
ef08455a-f53c-46ac-ab17-2871ba0ecc99,حسنین کو پانچ ہزار روپے بھیج دیں۔,5000.0,send_money,done
50397dd0-e3e4-43e9-85d8-6d7399d311cb,,,,done
ede31930-bbb6-4b46-a8ff-dddd6deec206,ایک روپیہ حسن امجد الفلاح نمبر پر سینڈ کرو۔,1.0,send_money,done
d9e4c3e9-31df-4a57-9db3-f036cf231c69,150000,150000.0,unknown,done
c4a038e3-e2f1-4238-ba49-81b0bcabf60a,How I can send money to Pakistan from Europe?,,send_money,done
a1c0e58b-9f35-4f7a-9fa7-b5523444462b,"بیلنس, شو بیلنس.",,unknown,done
d6ebedd2-e98e-4937-9433-8091dd7f72e2,Send money to Abdullah.,,send_money,done
b16847f7-3f27-4a99-8f60-f2841defdf72,جیز کیش.,,unknown,done
f60fa72f-44c0-4724-aed7-b53e1864a7c1,کیا آپ بیلنس شو کر سکتے ہیں؟ دکھائیے۔,,unknown,done
7b5e5b53-4508-4e86-9d5b-c0f73b6c969f,ٹرانسفر بائے بل پیمنٹ آف کے الیکٹرک.,,pay_bill,done
78fc0d52-4633-4a54-bc09-916564694dc2,بنگے,,unknown,done
8e252b92-ce88-48dd-82d0-18760294f601,Send 70 rupees to Muhammad Huzaifa.,70.0,send_money,done
163d1cfb-1e15-4319-a32e-655be56890f0,Send 50 rupees to Rashid Ahmed.,50.0,send_money,done
bc35f5f3-bf5a-4552-9e86-588556f49632,خالد علی کے اکاؤنٹ میں جیز کیش کے اکاؤنٹ میں ایک روپیہ سینڈ کر دو فوراً۔,1.0,send_money,done
b2867c12-69f5-4db3-9e42-bb46c1ad5ed6,اسد اللہ.,,unknown,done
dd4d05ed-1515-4dbc-a4bb-5caef1fdd0b7,پیسے بھیجنے ہیں مصباح کو.,,send_money,done
f7326566-d8f1-4386-b8df-c9eb2009d7e9,میں ایشور کو پیسے بھیجنا چاہتا ہوں۔,,send_money,done
2bfe123f-971b-4b73-98e3-e75320d16c88,Transfer top up.,,unknown,done
45b892af-9b78-4983-bbf5-2aa06dc1b13d,مظمل ظفر مظمل ظفر,,unknown,done
4e5105c3-8dbd-49bd-a0a6-d5dbf24b3e4b,اس کو,,unknown,done
8e9d7d84-a106-4cd5-8d53-bcac53cbbfb2,Send five lakhs to Haris Khan.,500000.0,send_money,done
c4ccc0ae-4642-4a55-8e48-a547eeb5b8fc,Please transfer 5000 rupees to Ali's account.,5000.0,send_money,done
7cf87a30-c2a9-4194-bdc8-c4c1c696cb40,میرے اکاؤنٹ میں کتنے پیسے ہیں؟,,unknown,done
833fe230-12f9-43a2-8126-1f7abddf8793,منی ٹرانسفر,,send_money,done
da548a0e-f867-4995-b89c-9bcc7ee5a174,Transfer 1000 to Muhammad Usman.,1000.0,send_money,done
3b288bd2-c555-45bc-9da0-df1121886bad,میاں احمد کو 5000 سینڈ کریں۔,5000.0,send_money,done
4105a6ce-44c2-46ef-b425-554d6b6a1456,کمال فاروق,,unknown,done
a53bf4b0-4005-49e4-abf8-6b13a058b6ad,Send 2000 rupees to Umar Faisal Bank.,2000.0,send_money,done
a11e760a-1082-4268-a4ce-b30fd38ac785,Please transfer 5000 rupees to Ali's account.,5000.0,send_money,done
d53693db-4f82-47cf-84ff-3ed7a4bc0b1f,Zong my3 پیکج.,,topup,done
5f0b6b56-90f4-4c96-9ff4-145580e2345b,Please transfer 5000 rupees to Ali's account.,5000.0,send_money,done
56a95de9-ffb0-4f23-ba17-157b5fde9dde,Search for Hammad.,,unknown,done
75c57ce0-c881-4e9c-9411-69d0dc142802,کیا تم پیسے بھیج سکتے ہیں?,,send_money,done
50e1d7f1-5534-4124-b978-28c65589d3c6,Transfer to 5000 Yaseen.,5000.0,send_money,done
c973e7a3-150f-46f5-aeaf-81aeaf7a8142,Send 10 rupees to Wase Gujjar.,10.0,send_money,done
5834c81b-fa94-4b15-9962-a12ebda347d0,6 month old statement download.,,download_statement,done
49d26954-ae4c-45eb-a1ce-91819e46600b,Send one rupees to Muhammad Abu Bakar.,1.0,send_money,done
67d095a0-3521-410b-887c-0a1c243293fe,Send 500 to Saklain Mirza JazzCash account.,500.0,send_money,done
958ff14d-5f10-47b5-91d7-0b439945212b,ایک روپیہ ٹرانسفر کر دیں.,1.0,send_money,done
aded92d0-29f4-4e55-98e1-cd0cd09456af,امبرین جانی کو,,unknown,done
da5bc929-75e9-4202-9731-4bc84daaa616,اکبر سلیم خٹک.,,unknown,done
88afbf3b-56ce-411a-9451-c8432574119b,Please transfer 5000 rupees to Ali's account.,5000.0,send_money,done
e9af7461-9430-4adb-9965-c40cfcc7cbed,Empty,,unknown,done
942baf1b-3fc3-4085-9ff2-164e86e475f0,Fund transfer.,,send_money,done
dc711549-60ea-4321-a990-44b7bc5c8b82,Packages,,unknown,done
a7a55c64-8912-487d-aade-8f8dde607841,Change my mobile number.,,unknown,done
6007f301-5698-4fdb-a53d-f334c4f876c0,Send 500 to Muhammad Danish.,500.0,send_money,done
2ef8439a-0346-4230-9c49-25355865f5b1,پلیز سینڈ کر دو پیسے حمزہ سہیل کو نئے اکاؤنٹ میں دس روپے.,10.0,send_money,done
e70b0c22-f0eb-42ad-97b9-7a358d99e41f,پانچ ہزار روپے سید تبریز علی الہبی بینک میں بھیجو۔,5000.0,send_money,done
95671785-a1f9-4c27-b674-c7299c689ec1,حسنین کو پانچ ہزار روپے بھیج دیں.,5000.0,send_money,done
b20d3abe-b848-471b-9dcd-646748b59858,UBL create a new pie on JazzCash.,,unknown,done
59f1b624-acdc-42a2-8e85-179537905430,چوہدری نوید اعظم کو پچاس ہزار بھیج دیں۔,50000.0,send_money,done
7358ff9f-f074-4a97-ba23-e4502c383d32,Transfer the payment.,,send_money,done
7787b036-29e8-4f3c-a1ec-e52e2ba5094a,Send,,send_money,done
3652c689-2177-4a1e-a163-fd002e9f2cd9,ایک روپے بھیجو ہیڈ آفس کے اکاؤنٹ پر۔,1.0,send_money,done
10e77813-e3fa-46a2-bd1e-44642869323f,نیدہ عظیمی کو دو سو کروڑ بھیجو.,20000000000.0,send_money,done
ffb4ddb9-6844-4062-adb6-aa09e9f1eebb,عدنان عزیز کو تین سو روپے بھیجیں۔,300.0,send_money,done
466e84a5-c193-401d-b590-fbeb452392df,I am sending the money.,,send_money,done
a7578656-4f56-4ecc-914b-1940814926f6,Open the transaction history.,,download_statement,done
aa4783d4-e96f-4b52-9c41-ce430c8988f5,بے عظیم سلیم,,unknown,done
7cf55247-5f9a-4b56-93c6-10151ccc3680,یہ کام ہے.,,unknown,done
3a5aa3cb-dd6f-4269-bff6-36e0c115ca18,Hello.,,unknown,done
95d7594f-56c1-46b3-8f32-f3a50d243a98,مجھے اکاؤنٹ کے سال کی اسٹیٹمنٹ دے دیں۔,,download_statement,done
472955a4-5c15-4406-94f6-d40bffd4c1a4,اختیار کو دس روپے بھیجو۔,10.0,send_money,done
c7601c88-e4fb-4d17-b6eb-0b802c1e4b44,Please transfer 5000 rupees to Ali's account.,5000.0,send_money,done
68671328-56f9-4727-b4e5-0fffbaeb1ec3,"Hi, can I transfer 100 Pakistani rupees to Manzoor Ahmed?",100.0,send_money,done
91fb95b1-1e15-47c0-b6b4-4fe497eb35b4,پے ہمایوں سلیم,,send_money,done
b6dfb998-3e20-4495-8882-fad9a2e7b2cc,Arish,,unknown,done
e51db60e-576f-4b69-ae67-ade7b8dc31fb,One thousand rupees to Markook.,1000.0,send_money,done
b8f32ba8-27dd-4308-8f87-f94c80450e31,Send ten rupees to Papa MCB.,10.0,send_money,done
a7ff540a-4a3d-4507-81a3-5c0263ddc3f0,"Hello, how are you?",,unknown,done
4bb4227b-07be-4082-8d0e-07284372b3da,,,,done
4c4bad67-e914-4dc1-827f-af6ce1e33a17,فرحان نقوی کو سو روپے بھیجو.,100.0,send_money,done
7f699f3f-a7c8-4d77-99e0-f916dc8ff21a,I want to make a payment.,,unknown,done
b82075f2-11b6-4567-bf43-a28bab8fc8ce,"Send one rupees, send hundred rupees.",100.0,send_money,done
d803b829-83f6-4f2d-8d63-1bcf589bf5a2,Money transfer.,,send_money,done
470ae330-e9a4-47a7-b8f1-7bb279c81b2d,Send money to Muhammad Abdullah.,,send_money,done
340b581b-adb7-4caa-8a6b-8908e1310e89,Send five thousand rupees to Farzana.,5000.0,send_money,done
fb001720-63bb-41ac-bf26-4ffa79b907c6,I have still not received my 500 rupees which I requested from someone.,500.0,unknown,done
586e210d-dda8-4788-ace9-e22a743f20fd,Send 500 rupees to Laraib.,500.0,send_money,done
4a12bbb6-54fe-48c9-b130-0d17e85fb11d,گلاسز شاہ جی.,,unknown,done
9475da80-ed28-47da-a6bc-a225063d36d7,Transfer,,send_money,done
f23e556d-be33-4b2b-93a4-8985e1019377,payment,,unknown,done
20024917-8921-4b5d-a187-959f2b248cc2,پے ففٹی ٹو اطہر,52.0,send_money,done
e030222d-45e9-44c4-b768-138cba84238a,Send 100 rupees to my Easypaisa account Haram Basit.,100.0,send_money,done
4cd41e9d-f2a5-4888-ab0a-867521b2715e,Hello.,,unknown,done
010e801f-8604-447e-91d3-040bb886bdc0,"Hello, how are you?",,unknown,done
f94919ea-c85d-4eb3-bd3d-a6db314ed0e4,Account statement.,,download_statement,done
94f81349-d509-4274-a982-68e6a1dd626d,Hello,,unknown,done
4dfd7d01-cb74-4edd-bf37-72cf38143da3,Send to غلام حور خان.,,send_money,done
d7a63905-2978-40b5-b8ab-1fa0a4e4c845,Transfer fund Makkar into car Rubial 100 rupees.,100.0,send_money,done
9aef2763-2dd5-46b0-8736-3f80505fa7d2,مجھے چنے اور ماش کی دال منگنا ہے۔,,unknown,done
94fd243b-9c26-4847-bce3-3a6c54129dce,I want to add a UBL account.,,unknown,done
b1b539b7-8a53-4984-b0d4-76b62b00c3ae,اکاؤنٹ اسٹیٹمنٹ چاہیے.,,download_statement,done
9b50d692-060b-4494-8bd4-8357da7b21e3,پے منٹ کر دیں.,,unknown,done
df25c32f-a3cb-4dcb-a02f-a62e3cb67fdb,Send hundred rupees to Ghulrez Khan HBL account.,100.0,send_money,done
59ac2bd8-1d29-4ceb-85a8-dc4ba507d383,مصطفی,,unknown,done
069eb86a-237b-4b92-b9ad-6984c7c11c32,"Statement, bank statement.",,download_statement,done
e99bbde6-2e72-4dc3-aba7-6ed876564f6d,,,,done
0f42ea7d-fe78-486d-bd83-3ed95cb171a1,Transfer 19000 to Umar UBL.,19000.0,send_money,done
38a404c7-1399-41b8-8d8a-fe3cea394b1f,Pay amount to Malik Faraz.,,send_money,done
eed805a1-661d-45ed-a10c-7e4ed4d79933,Please open the UTap app.,,unknown,done
085d0dfe-6b7c-4707-a173-b62b564c8117,Send 2000 rupees to Umar Nisar easy paisa number.,2000.0,send_money,done
2b23f428-e003-4eb0-95b5-11b67fbfb6a6,Pay anyone.,,unknown,done
2dfabd8e-4fa5-4688-a386-51e257f046b4,محمد ابراہیم بن عمران کو ایک روپیہ بھیج دو۔,1.0,send_money,done
e472c267-82bb-4817-94fa-7a4856ff35d4,Payment to Muhammad Nabi.,,send_money,done
6a815829-123d-46da-b52f-f67927750ef3,Our voice assistant is new and still learning.,,unknown,done
de86f441-d419-4f21-91d4-4594c20f131f,شو بیلنس شو,,unknown,done
d4f0e469-e1df-4fd7-9be3-11a99865281e,Hammad washing.,,unknown,done
162dc144-42fd-4969-bc5f-5fa397272ba2,Pay to Ali Hassan account.,,send_money,done
176c4aa6-27f8-4fd1-af5f-1d5534f9aed1,I want to transfer this money.,,send_money,done
6abec567-1ee4-49ed-a41f-cdb5dc752959,Background themes,,unknown,done
14914ff7-0681-470a-9394-332a799753d9,Send Abdul Moiz 2000.,2000.0,send_money,done
e5831c0e-8a4b-46b9-9b27-a6bb439abb78,Please transfer 5000 rupees to Ali's account.,5000.0,send_money,done
30712832-9c5d-4d5e-87c5-e27135575fed,Send money to Shinu 100 rupees.,100.0,send_money,done
b6a5be50-8634-406d-96c6-1b812ef37524,Bill system please.,,unknown,done
d0159eee-842d-4073-839d-7575d5bda8f3,Kindly go to funds transfer.,,send_money,done
7e024b4b-0f0a-4ea3-83af-e54a3cc11de1,Pay Shehroz Altaf ten rupees.,10.0,send_money,done
6e14aaa7-4c01-41e9-a791-2b2d4c131f21,Pay anyone.,,unknown,done
a0dbec54-3019-41cd-84be-614f4e547c3f,محمد حفیظ کو ایزی پیسہ میں پیسے ٹرانسفر کرنے ہیں۔ اکاؤنٹ نمبر 0311 8885988.,,send_money,done
f6fd4761-7ae4-4688-bd1a-3adb94776487,Pay transfer to Mazhar.,,send_money,done
a0fd8c8f-d260-426c-98f4-5d5fbfc61143,بیگم کو پیسے بھیجنے ہیں.,,send_money,done
07116f97-1a3c-4347-aadc-51a48b9151d1,QR code,,unknown,done
96b56065-e859-4d22-83b7-8ab07d9b4984,Send money to Sohail Murad Afridi.,,send_money,done
9783d5af-451e-44e0-9730-f9ec422e4353,ایک روپیہ بھیج دو.,1.0,send_money,done
2888403e-8da5-43aa-99fc-45074baf8f4d,آپ محمد عامر والے میزان بینک والے میں ایک روپے سینڈ کریں۔,1.0,send_money,done
97050465-3765-4fcd-a9dc-8ed72dca3fa2,Transfer 25000 to Syed Ali Akmal Imam MCB Bank.,25000.0,send_money,done
cb4285fb-5d17-412e-a1ee-2cb16b255003,Send 100 rupees to Hamda Shahid.,100.0,send_money,done
32df9154-7d71-4f3f-9a83-74aa3c73dfd9,Send money to Saj Cafe Hamza Center,,send_money,done
5a582f17-4ab8-4efb-9dee-00079e834a9a,Check my last transaction.,,download_statement,done
621583a3-0f65-4191-9e3f-29f1c70e925a,I want to see the statement.,,download_statement,done
78c080e2-24c9-4e51-a8dd-0a12741f20e7,Fund transfer to Urooj S.,,send_money,done
cb6feeec-bfc0-4c69-aa76-104d06ec44cc,مجھے میری اکاؤنٹ سٹیٹمنٹ دکھا دو۔,,download_statement,done
38a273ba-8e29-43b1-96b5-75fe9c1dcab5,بہت نہیں سر.,,unknown,done
8a2223de-cb01-4a89-9cb3-cd6385c45d1d,"Hello, can you hear me?",,unknown,done
3d459e39-7449-41e3-a8d0-137ff4017d9b,Transfer money to Abdul Ahad.,,send_money,done
105468a4-dfc7-46da-84e0-2e92a2382ec0,Check your account statement.,,download_statement,done
d4b373ba-9848-43a2-8c97-a2d723b6fa87,Last transaction detail.,,download_statement,done
0f9c573b-b8d5-4e51-a8df-625c4279de65,Show me the balance.,,unknown,done
1d01395f-32f8-4b08-9410-2fdfea427eb0,بل پیمنٹ.,,pay_bill,done
9386564c-305c-4698-9171-fdb208213305,پچھلے مہینے کی بینک اسٹیٹمنٹ دکھاؤ۔,,download_statement,done
51a2eb6d-2751-4d7b-9abd-aea507288efd,لبنی ناز کو دو روپے سینڈ کریں۔,2.0,send_money,done
0de58e51-9f30-4ea6-891e-9339a223e9ba,ایس کے ٹریڈرز کو تین لاکھ بھیجو۔,300000.0,send_money,done
75cd80e5-d6a0-411b-a5c9-df058291b020,"Send 10,000 rupees to Rafi.",10000.0,send_money,done
64adde54-1951-4aa8-9360-2c8bffea033c,"Send money to Danial 20,000.",20000.0,send_money,done
93868d32-e9dd-4227-b18f-2baae5bb97bf,پے بل.,,pay_bill,done
a1333958-9ac8-49ed-bebc-b95402e82633,,,,done
684e61a4-1abb-4420-a2d8-a5159b5b7120,Pay anyone,,send_money,done
3b6b47be-197f-419c-9bfb-9af4b9248656,"Hey, I want to pay.",,unknown,done
2905fd9c-1b69-410a-b408-ecae995ed817,پینتیس ہزار روپے to my credit card bill.,35000.0,pay_bill,done
0223ae60-6275-4f61-97b5-ccdc7444d331,What are you saying?,,unknown,done
ff1adfc3-08da-48fe-ac22-bb4bc8ae0e69,Send money 5 lakhs on Abdul Haroon.,500000.0,send_money,done
